
870347297 1 1680349684
870347297 1 1680349687
78526218 1 1680350189
78526218 1 1680350191
78526218 1 1680350193
78526218 0 1680350195
78526218 0 1680350198
78526218 0 1680350200
78526218 0 1680350202
78526218 0 1680350204
78526218 1 1680350206
870347297 0 1680350961
870347297 0 1680350963
870347297 0 1680350965
870347297 1 1680352097
870347297 1 1680352099
870347297 1 1680352101
870347297 0 1680352103
870347297 1 1680353251
870347297 1 1680353253
 1680354779
870347297 1 1680354782
870347297 1 1680358117
870347297 0 1680358119
870347297 1 1680368837
870347297 1 1680368839
104216740 1 1680376711
104216740 1 1680376928
104216740 1 1680376930
314609311 1 1680377692
314609311 1 1680377692
314609311 1 1680377693
314609311 1 1680377693
314609311 1 1680377693
314609311 1 1680377693
314609311 1 1680377694
314609311 1 1680377694
314609311 1 1680377694
314609311 1 1680377695
314609311 1 1680377695
314609311 1 1680377696
314609311 1 1680377696
314609311 1 1680377696
314609311 1 1680377697
104216740 1 1680377958
104216740 1 1680391590
104216740 1 1680391592
870347297 1 1680391972
870347297 1 1680391974
870347297 1 1680391977
870347297 0 1680391980
870347297 1 1680393318
870347297 0 1680393321
966345629 1 1680535284
966345629 1 1680535284
966345629 1 1680535284
966345629 1 1680535284
966345629 1 1680535285
966345629 1 1680535285
966345629 1 1680535285
966345629 1 1680535286
966345629 1 1680535286
966345629 1 1680535286
966345629 1 1680535287
966345629 1 1680535287
966345629 1 1680535287
966345629 1 1680535288
966345629 1 1680535288
 1680535309
589284844 1 1680535311
 1680535313
589284844 1 1680535315
 1680535317
589284844 1 1680535320
 1680535322
589284844 1 1680535324
589284844 1 1680535326
589284844 1 1680535328
589284844 1 1680535331
589284844 0 1680535333
589284844 0 1680535335
 1680535373
889039324 1 1680535375
889039324 1 1680535377
 1680535380
889039324 1 1680535383
 1680535385
889039324 1 1680535387
 1680535389
330268149 1 1680535394
978437679 1 1680535395
 1680535396
978437679 1 1680535397
 1680535398
978437679 1 1680535400
330268149 1 1680535400
978437679 1 1680535402
978437679 1 1680535404
978437679 1 1680535406
 1680535408
978437679 1 1680535410
 1680535413
678200037 1 1680535415
978437679 0 1680535415
678200037 1 1680535417
678200037 1 1680535419
678200037 1 1680535421
678200037 1 1680535423
 1680535436
127716687 1 1680535438
 1680535440
391773636 1 1680535460
391773636 1 1680535463
 1680535465
 1680535467
391773636 1 1680535469
391773636 1 1680535472
 1680535474
 1680535476
391773636 1 1680535479
391773636 1 1680535481
391773636 1 1680535483
391773636 1 1680535485
 1680535488
391773636 1 1680535490
 1680535492
391773636 1 1680535494
391773636 1 1680535496
 1680535512
936357651 1 1680535514
391773636 1 1680535514
936357651 1 1680535517
391773636 1 1680535517
936357651 1 1680535519
391773636 1 1680535519
 1680535521
 1680535521
936357651 1 1680535523
 1680535524
936357651 0 1680535525
391773636 1 1680535526
 1680535528
391773636 1 1680535530
391773636 1 1680535533
391773636 1 1680535535
 1680535537
767552306 1 1680535582
767552306 1 1680535584
767552306 0 1680535587
797527294 0 1680535600
797527294 1 1680535603
797527294 1 1680535605
797527294 1 1680535608
163971495 1 1680535610
163971495 1 1680535610
797527294 0 1680535610
163971495 1 1680535610
163971495 1 1680535611
163971495 1 1680535611
163971495 1 1680535611
163971495 1 1680535611
163971495 1 1680535612
163971495 1 1680535612
163971495 1 1680535612
163971495 1 1680535612
163971495 1 1680535613
163971495 1 1680535613
163971495 1 1680535613
797527294 0 1680535613
163971495 1 1680535613
797527294 0 1680535616
952143117 1 1680535618
797527294 1 1680535619
 1680535620
797527294 0 1680535621
 1680535622
797527294 0 1680535624
952143117 1 1680535625
 1680535627
797527294 0 1680535627
952143117 0 1680535629
797527294 0 1680535630
952143117 0 1680535631
797527294 1 1680535632
952143117 0 1680535633
797527294 0 1680535635
952143117 0 1680535635
952143117 0 1680535637
797527294 0 1680535638
952143117 0 1680535640
797527294 0 1680535641
952143117 0 1680535642
952143117 0 1680535644
797527294 0 1680535644
952143117 0 1680535646
797527294 0 1680535647
952143117 0 1680535648
797527294 0 1680535650
952143117 0 1680535651
952143117 0 1680535653
797527294 0 1680535653
797527294 0 1680535656
797527294 0 1680535659
797527294 0 1680535662
797527294 0 1680535665
797527294 0 1680535668
797527294 0 1680535671
 1680535672
797527294 0 1680535674
758518004 1 1680535674
758518004 1 1680535676
797527294 0 1680535677
758518004 1 1680535679
797527294 0 1680535680
758518004 1 1680535681
758518004 1 1680535683
797527294 0 1680535683
758518004 1 1680535685
797527294 0 1680535686
758518004 1 1680535687
797527294 0 1680535689
758518004 1 1680535689
 1680535691
797527294 0 1680535692
758518004 0 1680535694
797527294 0 1680535695
758518004 0 1680535696
797527294 0 1680535700
758518004 0 1680535700
 1680535702
797527294 0 1680535703
758518004 0 1680535705
797527294 0 1680535706
758518004 0 1680535707
758518004 0 1680535709
797527294 0 1680535709
889039324 0 1680535710
758518004 0 1680535711
 1680535712
797527294 0 1680535712
758518004 0 1680535714
889039324 0 1680535714
797527294 0 1680535715
 1680535716
889039324 0 1680535716
758518004 0 1680535718
797527294 0 1680535718
758518004 0 1680535720
797527294 0 1680535721
758518004 0 1680535723
797527294 0 1680535724
758518004 0 1680535725
 1680535727
797527294 0 1680535727
758518004 0 1680535729
797527294 0 1680535730
758518004 0 1680535732
797527294 0 1680535733
758518004 0 1680535734
 1680535734
 1680535736
758518004 0 1680535736
797527294 0 1680535736
693110363 1 1680535738
 1680535738
797527294 0 1680535739
758518004 0 1680535741
693110363 1 1680535741
797527294 0 1680535742
758518004 0 1680535743
 1680535743
758518004 0 1680535745
797527294 0 1680535745
693110363 1 1680535745
 1680535747
693110363 1 1680535748
797527294 0 1680535748
758518004 0 1680535750
693110363 1 1680535750
797527294 0 1680535751
 1680535752
693110363 1 1680535752
758518004 0 1680535754
797527294 0 1680535754
693110363 1 1680535755
758518004 0 1680535756
 1680535757
797527294 0 1680535757
758518004 0 1680535758
797527294 0 1680535760
 1680535761
758518004 0 1680535763
797527294 0 1680535763
758518004 0 1680535765
797527294 0 1680535767
758518004 0 1680535768
758518004 0 1680535770
440897209 1 1680535770
440897209 1 1680535772
758518004 0 1680535772
440897209 1 1680535774
758518004 0 1680535774
440897209 1 1680535776
758518004 0 1680535777
440897209 1 1680535779
758518004 0 1680535779
440897209 1 1680535781
758518004 0 1680535781
440897209 0 1680535784
758518004 0 1680535784
758518004 0 1680535786
440897209 0 1680535786
758518004 0 1680535789
758518004 0 1680535791
758518004 0 1680535793
758518004 0 1680535795
 1680535798
440897209 0 1680535799
 1680535800
758518004 0 1680535802
758518004 0 1680535804
758518004 0 1680535807
 1680535809
440897209 0 1680535829
440897209 0 1680535860
440897209 0 1680535866
440897209 0 1680535869
440897209 0 1680535872
440897209 0 1680535875
440897209 0 1680535878
440897209 0 1680535882
440897209 1 1680535884
440897209 1 1680535884
440897209 0 1680535887
440897209 1 1680535889
440897209 1 1680535891
440897209 1 1680535893
440897209 1 1680535896
440897209 1 1680535898
440897209 1 1680535900
440897209 1 1680535902
 1680535904
440897209 1 1680535904
153115012 1 1680535906
440897209 1 1680535907
153115012 1 1680535908
440897209 1 1680535909
153115012 1 1680535910
440897209 0 1680535911
 1680535912
440897209 0 1680535913
153115012 0 1680535916
440897209 0 1680535916
440897209 0 1680535919
440897209 0 1680535922
440897209 0 1680535925
440897209 0 1680535928
440897209 0 1680535931
440897209 0 1680535935
440897209 0 1680535939
440897209 0 1680535942
440897209 0 1680535949
440897209 0 1680535973
440897209 0 1680535982
515407250 1 1680535992
515407250 1 1680535995
440897209 0 1680536017
515407250 1 1680536017
515407250 1 1680536019
515407250 1 1680536021
515407250 1 1680536023
515407250 1 1680536026
515407250 1 1680536028
515407250 1 1680536030
515407250 1 1680536032
515407250 1 1680536035
515407250 1 1680536037
515407250 1 1680536039
440897209 0 1680536040
515407250 1 1680536041
440897209 0 1680536043
515407250 1 1680536043
515407250 1 1680536045
440897209 0 1680536046
515407250 1 1680536048
440897209 0 1680536049
515407250 1 1680536050
515407250 1 1680536052
440897209 0 1680536052
440897209 0 1680536055
440897209 0 1680536070
440897209 0 1680536115
656413747 1 1680536277
656413747 1 1680536280
 1680536282
656413747 1 1680536284
656413747 1 1680536286
656413747 1 1680536289
656413747 1 1680536291
 1680536293
656413747 1 1680536295
 1680536297
656413747 1 1680536299
656413747 0 1680536302
656413747 0 1680536304
656413747 0 1680536306
656413747 0 1680536309
656413747 0 1680536311
656413747 0 1680536313
656413747 0 1680536315
656413747 0 1680536317
656413747 0 1680536320
656413747 0 1680536322
656413747 0 1680536324
656413747 0 1680536326
656413747 0 1680536329
656413747 0 1680536331
656413747 0 1680536333
656413747 0 1680536335
656413747 0 1680536337
656413747 0 1680536340
656413747 0 1680536342
 1680536344
656413747 0 1680536347
 1680536349
656413747 0 1680536351
656413747 0 1680536354
 1680536356
656413747 0 1680536358
656413747 0 1680536360
656413747 0 1680536363
668510052 1 1680536364
668510052 1 1680536365
656413747 0 1680536365
668510052 1 1680536365
668510052 1 1680536365
668510052 1 1680536366
668510052 1 1680536366
668510052 1 1680536366
668510052 1 1680536367
668510052 1 1680536367
668510052 1 1680536367
656413747 0 1680536367
668510052 1 1680536368
668510052 1 1680536368
668510052 1 1680536368
668510052 1 1680536368
668510052 1 1680536369
 1680536370
 1680536372
656413747 0 1680536374
656413747 0 1680536376
656413747 0 1680536379
656413747 0 1680536381
 1680536383
656413747 0 1680536385
 1680536388
656413747 0 1680536390
 1680536392
656413747 0 1680536395
 1680536397
656413747 0 1680536399
656413747 0 1680536401
656413747 0 1680536404
 1680536406
656413747 0 1680536408
656413747 0 1680536411
 1680536413
656413747 0 1680536415
656413747 0 1680536418
656413747 0 1680536420
656413747 0 1680536422
656413747 0 1680536424
656413747 0 1680536426
 1680536429
656413747 0 1680536431
656413747 0 1680536433
656413747 0 1680536435
656413747 0 1680536438
656413747 0 1680536440
380858239 1 1680536442
656413747 0 1680536443
380858239 1 1680536444
67807054 1 1680536444
67807054 1 1680536444
67807054 1 1680536444
67807054 1 1680536445
 1680536445
67807054 1 1680536445
67807054 1 1680536445
67807054 1 1680536446
67807054 1 1680536446
380858239 1 1680536446
67807054 1 1680536446
67807054 1 1680536447
67807054 1 1680536447
656413747 0 1680536447
67807054 1 1680536447
67807054 1 1680536448
67807054 1 1680536448
440897209 0 1680536448
67807054 1 1680536448
380858239 0 1680536449
 1680536449
440897209 0 1680536450
656413747 0 1680536452
380858239 0 1680536452
 1680536454
380858239 1 1680536454
440897209 0 1680536456
656413747 0 1680536456
380858239 1 1680536457
287189090 1 1680536458
656413747 0 1680536459
380858239 1 1680536459
 1680536460
 1680536461
380858239 1 1680536462
287189090 1 1680536462
656413747 0 1680536463
380858239 1 1680536464
287189090 1 1680536465
 1680536465
380858239 1 1680536466
 1680536467
380858239 1 1680536468
656413747 0 1680536470
380858239 1 1680536471
440897209 0 1680536472
656413747 0 1680536472
380858239 1 1680536474
440897209 0 1680536475
656413747 0 1680536475
380858239 1 1680536476
 1680536477
440897209 0 1680536478
380858239 1 1680536478
656413747 0 1680536479
380858239 1 1680536481
440897209 0 1680536481
656413747 0 1680536481
380858239 1 1680536483
656413747 0 1680536484
656413747 0 1680536486
656413747 0 1680536488
 1680536490
656413747 0 1680536493
 1680536495
656413747 0 1680536497
656413747 0 1680536499
656413747 0 1680536502
656413747 0 1680536504
656413747 0 1680536507
656413747 0 1680536509
656413747 0 1680536511
656413747 0 1680536513
959079931 1 1680536514
656413747 0 1680536515
959079931 1 1680536517
656413747 0 1680536518
959079931 1 1680536519
 1680536520
959079931 1 1680536521
656413747 0 1680536522
959079931 1 1680536523
656413747 0 1680536525
959079931 1 1680536526
 1680536527
959079931 1 1680536528
656413747 0 1680536529
959079931 1 1680536530
440897209 0 1680536530
656413747 0 1680536531
656413747 0 1680536534
656413747 0 1680536536
656413747 0 1680536540
656413747 0 1680536542
656413747 0 1680536545
656413747 0 1680536547
656413747 0 1680536549
656413747 0 1680536552
656413747 0 1680536554
656413747 0 1680536556
 1680536559
656413747 0 1680536561
656413747 0 1680536563
 1680536566
656413747 0 1680536568
656413747 0 1680536570
656413747 0 1680536573
656413747 0 1680536575
656413747 0 1680536577
656413747 0 1680536579
656413747 0 1680536582
656413747 0 1680536584
656413747 0 1680536586
656413747 0 1680536589
656413747 0 1680536591
656413747 0 1680536593
656413747 0 1680536595
 1680536598
656413747 0 1680536601
 1680536603
656413747 0 1680536605
656413747 0 1680536607
656413747 0 1680536610
 1680536612
656413747 0 1680536614
656413747 0 1680536616
656413747 0 1680536619
656413747 0 1680536621
656413747 0 1680536623
656413747 0 1680536625
656413747 0 1680536628
 1680536630
656413747 0 1680536632
 1680536635
656413747 0 1680536637
656413747 0 1680536639
656413747 0 1680536641
656413747 0 1680536644
440897209 0 1680536646
 1680536646
656413747 0 1680536648
656413747 0 1680536651
656413747 0 1680536653
656413747 0 1680536656
656413747 0 1680536658
656413747 0 1680536660
656413747 0 1680536662
 1680536665
656413747 0 1680536667
656413747 0 1680536669
 1680536671
656413747 0 1680536674
656413747 0 1680536676
656413747 0 1680536678
656413747 0 1680536680
656413747 0 1680536683
 1680536685
656413747 0 1680536687
656413747 0 1680536690
 1680536692
656413747 0 1680536694
656413747 0 1680536697
656413747 0 1680536699
656413747 0 1680536701
656413747 0 1680536703
 1680536705
656413747 0 1680536708
656413747 0 1680536710
656413747 0 1680536712
656413747 0 1680536714
656413747 0 1680536717
656413747 0 1680536719
656413747 0 1680536721
656413747 0 1680536724
656413747 0 1680536726
656413747 0 1680536728
656413747 0 1680536730
474123555 0 1680536731
656413747 0 1680536733
 1680536733
656413747 0 1680536735
474123555 0 1680536736
656413747 0 1680536737
656413747 0 1680536740
 1680536740
656413747 0 1680536742
 1680536742
656413747 0 1680536744
484819992 0 1680536744
 1680536746
484819992 0 1680536746
484819992 0 1680536749
656413747 0 1680536749
484819992 0 1680536751
656413747 0 1680536751
 1680536753
484819992 0 1680536753
 1680536756
656413747 0 1680536756
484819992 0 1680536758
656413747 0 1680536758
656413747 0 1680536760
656413747 0 1680536762
656413747 0 1680536765
656413747 0 1680536767
656413747 0 1680536769
656413747 0 1680536771
 1680536774
656413747 0 1680536776
656413747 0 1680536778
 1680536780
656413747 0 1680536783
 1680536785
656413747 0 1680536787
656413747 0 1680536789
656413747 0 1680536791
656413747 0 1680536794
656413747 0 1680536796
 1680536798
 1680536801
656413747 0 1680536803
656413747 0 1680536805
 1680536808
656413747 0 1680536810
 1680536812
 1680536813
656413747 0 1680536814
749110790 1 1680536816
656413747 0 1680536817
656413747 0 1680536819
749110790 1 1680536819
656413747 0 1680536821
749110790 1 1680536823
 1680536823
 1680536825
 1680536825
656413747 0 1680536828
749110790 1 1680536829
656413747 0 1680536830
656413747 0 1680536832
 1680536832
656413747 0 1680536834
749110790 1 1680536836
 1680536837
749110790 1 1680536838
656413747 0 1680536839
749110790 1 1680536841
656413747 0 1680536841
749110790 1 1680536843
 1680536843
749110790 1 1680536845
656413747 0 1680536846
 1680536848
656413747 0 1680536848
656413747 0 1680536850
 1680536850
656413747 0 1680536852
 1680536854
 1680536855
656413747 0 1680536857
749110790 1 1680536858
656413747 0 1680536859
749110790 1 1680536860
656413747 0 1680536861
749110790 1 1680536862
656413747 0 1680536863
749110790 1 1680536864
 1680536866
749110790 1 1680536867
656413747 0 1680536868
 1680536869
656413747 0 1680536870
749110790 1 1680536872
656413747 0 1680536872
749110790 1 1680536874
656413747 0 1680536874
749110790 1 1680536876
656413747 0 1680536877
 1680536879
 1680536879
749110790 1 1680536881
656413747 0 1680536881
749110790 1 1680536883
656413747 0 1680536883
 1680536885
 1680536886
749110790 1 1680536888
656413747 0 1680536888
 1680536890
749110790 1 1680536890
656413747 0 1680536892
749110790 1 1680536893
 1680536894
 1680536895
656413747 0 1680536897
749110790 1 1680536897
656413747 0 1680536899
749110790 1 1680536899
656413747 0 1680536901
 1680536901
656413747 0 1680536903
749110790 1 1680536904
656413747 0 1680536906
749110790 1 1680536907
656413747 0 1680536908
 1680536909
 1680536910
 1680536911
656413747 0 1680536912
749110790 1 1680536914
656413747 0 1680536915
749110790 1 1680536917
 1680536917
749110790 1 1680536919
 1680536919
656413747 0 1680536921
 1680536922
656413747 0 1680536924
749110790 1 1680536925
 1680536926
 1680536927
656413747 0 1680536929
749110790 1 1680536931
656413747 0 1680536931
656413747 0 1680536933
749110790 1 1680536935
656413747 0 1680536935
656413747 0 1680536938
749110790 1 1680536938
656413747 0 1680536940
 1680536940
656413747 0 1680536942
749110790 1 1680536943
 1680536944
656413747 0 1680536947
749110790 1 1680536947
656413747 0 1680536949
656413747 0 1680536951
749110790 1 1680536952
656413747 0 1680536953
749110790 1 1680536955
656413747 0 1680536955
749110790 1 1680536957
656413747 0 1680536958
749110790 1 1680536960
 1680536960
749110790 1 1680536962
656413747 0 1680536962
749110790 1 1680536964
656413747 0 1680536964
749110790 1 1680536966
 1680536966
749110790 1 1680536968
656413747 0 1680536969
656413747 0 1680536971
749110790 1 1680536971
 1680536973
749110790 1 1680536973
656413747 0 1680536975
749110790 1 1680536976
656413747 0 1680536977
749110790 1 1680536978
 1680536979
749110790 1 1680536980
656413747 0 1680536982
749110790 1 1680536982
656413747 0 1680536984
749110790 1 1680536984
656413747 0 1680536986
749110790 1 1680536987
 1680536988
749110790 1 1680536990
 1680536990
656413747 0 1680536993
749110790 1 1680536993
656413747 0 1680536995
749110790 1 1680536995
 1680536997
749110790 1 1680536998
656413747 0 1680537000
749110790 1 1680537001
 1680537002
656413747 0 1680537004
749110790 1 1680537004
656413747 0 1680537006
749110790 1 1680537007
656413747 0 1680537009
 1680537009
656413747 0 1680537011
749110790 1 1680537012
656413747 0 1680537013
749110790 1 1680537014
656413747 0 1680537015
749110790 1 1680537016
656413747 0 1680537018
 1680537019
656413747 0 1680537020
656413747 0 1680537022
749110790 1 1680537023
 1680537024
656413747 0 1680537027
656413747 0 1680537029
749110790 1 1680537029
656413747 0 1680537031
656413747 0 1680537033
656413747 0 1680537036
 1680537036
656413747 0 1680537038
749110790 1 1680537039
656413747 0 1680537040
 1680537041
 1680537042
749110790 1 1680537043
656413747 0 1680537045
749110790 1 1680537046
656413747 0 1680537047
749110790 1 1680537048
656413747 0 1680537049
749110790 1 1680537051
656413747 0 1680537051
 1680537053
749110790 1 1680537054
656413747 0 1680537056
749110790 1 1680537057
 1680537058
749110790 1 1680537059
656413747 0 1680537060
749110790 1 1680537061
656413747 0 1680537062
749110790 1 1680537064
656413747 0 1680537065
749110790 1 1680537066
656413747 0 1680537067
749110790 1 1680537069
 1680537070
749110790 1 1680537071
656413747 0 1680537072
 1680537073
656413747 0 1680537074
656413747 0 1680537076
749110790 1 1680537076
656413747 0 1680537078
749110790 1 1680537079
 1680537081
749110790 1 1680537081
 1680537083
749110790 1 1680537083
656413747 0 1680537085
749110790 1 1680537086
 1680537087
749110790 1 1680537089
656413747 0 1680537090
656413747 0 1680537092
749110790 1 1680537093
656413747 0 1680537094
749110790 1 1680537095
656413747 0 1680537096
656413747 0 1680537098
749110790 1 1680537099
 1680537101
656413747 0 1680537103
749110790 1 1680537104
656413747 0 1680537105
749110790 1 1680537107
 1680537107
656413747 0 1680537109
749110790 1 1680537111
656413747 0 1680537112
 1680537114
 1680537116
 1680537117
656413747 0 1680537118
749110790 1 1680537120
 1680537120
656413747 0 1680537121
 1680537123
749110790 1 1680537123
656413747 0 1680537123
 1680537125
656413747 0 1680537125
749110790 1 1680537125
669327249 1 1680537127
656413747 0 1680537127
 1680537129
656413747 0 1680537130
 1680537130
 1680537132
 1680537132
749110790 1 1680537133
669327249 1 1680537134
656413747 0 1680537134
749110790 1 1680537136
669327249 1 1680537136
 1680537136
749110790 1 1680537138
669327249 1 1680537138
656413747 0 1680537139
656413747 0 1680537141
749110790 1 1680537141
656413747 0 1680537143
749110790 1 1680537143
656413747 0 1680537145
749110790 1 1680537145
 1680537148
749110790 1 1680537148
656413747 0 1680537150
749110790 1 1680537150
656413747 0 1680537152
749110790 1 1680537153
 1680537154
656413747 0 1680537156
749110790 1 1680537157
 1680537159
749110790 1 1680537159
656413747 0 1680537161
749110790 1 1680537161
656413747 0 1680537163
 1680537164
 1680537165
749110790 1 1680537166
 1680537168
749110790 1 1680537168
656413747 0 1680537170
 1680537171
 1680537172
749110790 1 1680537173
656413747 0 1680537174
656413747 0 1680537176
749110790 1 1680537177
656413747 0 1680537179
 1680537179
656413747 0 1680537181
656413747 0 1680537183
749110790 1 1680537184
656413747 0 1680537185
749110790 1 1680537187
656413747 0 1680537187
656413747 0 1680537190
749110790 1 1680537190
656413747 0 1680537192
749110790 1 1680537193
656413747 0 1680537194
749110790 1 1680537196
656413747 0 1680537196
656413747 0 1680537198
749110790 1 1680537199
656413747 0 1680537201
656413747 0 1680537203
 1680537204
 1680537205
749110790 1 1680537206
656413747 0 1680537208
749110790 1 1680537209
656413747 0 1680537210
749110790 1 1680537212
 1680537212
656413747 0 1680537214
749110790 1 1680537215
656413747 0 1680537217
749110790 1 1680537218
656413747 0 1680537219
656413747 0 1680537221
656413747 0 1680537223
749110790 1 1680537224
656413747 0 1680537226
 1680537228
 1680537228
656413747 0 1680537231
 1680537231
656413747 0 1680537233
 1680537233
656413747 0 1680537235
749110790 1 1680537235
656413747 0 1680537237
 1680537238
656413747 0 1680537240
749110790 1 1680537240
656413747 0 1680537242
749110790 1 1680537242
 1680537244
749110790 1 1680537245
656413747 0 1680537246
749110790 1 1680537247
656413747 0 1680537248
749110790 1 1680537249
656413747 0 1680537251
749110790 1 1680537251
656413747 0 1680537253
 1680537254
656413747 0 1680537255
749110790 1 1680537256
656413747 0 1680537257
749110790 1 1680537258
656413747 0 1680537260
749110790 1 1680537261
656413747 0 1680537262
749110790 1 1680537263
656413747 0 1680537265
749110790 1 1680537266
 1680537268
656413747 0 1680537270
 1680537270
656413747 0 1680537272
749110790 1 1680537273
656413747 0 1680537274
749110790 1 1680537276
656413747 0 1680537276
656413747 0 1680537278
749110790 1 1680537278
656413747 0 1680537280
 1680537281
 1680537283
749110790 1 1680537283
656413747 0 1680537286
749110790 1 1680537286
 1680537288
 1680537289
 1680537290
749110790 1 1680537291
656413747 0 1680537293
749110790 1 1680537294
656413747 0 1680537295
 1680537296
656413747 0 1680537297
749110790 1 1680537300
749110790 1 1680537303
749110790 1 1680537305
749110790 1 1680537308
 1680537310
 1680537311
749110790 1 1680537314
749110790 1 1680537317
749110790 1 1680537319
749110790 1 1680537321
749110790 1 1680537323
749110790 1 1680537325
749110790 1 1680537327
749110790 1 1680537330
749110790 1 1680537332
749110790 1 1680537334
 1680537336
749110790 1 1680537339
 1680537341
749110790 1 1680537343
656413747 0 1680537343
749110790 1 1680537345
656413747 0 1680537346
 1680537347
656413747 0 1680537348
749110790 1 1680537350
656413747 0 1680537350
749110790 1 1680537352
 1680537352
749110790 1 1680537354
656413747 0 1680537354
749110790 1 1680537356
656413747 0 1680537357
749110790 1 1680537358
656413747 0 1680537359
 1680537360
656413747 0 1680537361
749110790 1 1680537362
656413747 0 1680537363
749110790 1 1680537365
 1680537365
 1680537367
656413747 0 1680537368
749110790 1 1680537369
656413747 0 1680537370
749110790 1 1680537371
656413747 0 1680537372
749110790 1 1680537373
656413747 0 1680537374
 1680537375
 1680537375
656413747 0 1680537377
749110790 1 1680537377
 1680537378
 1680537379
749110790 1 1680537380
 1680537380
656413747 0 1680537381
749110790 1 1680537382
 1680537382
 1680537383
749110790 1 1680537384
637855362 1 1680537385
656413747 0 1680537386
 1680537386
 1680537387
656413747 0 1680537388
749110790 1 1680537388
 1680537389
 1680537390
 1680537390
656413747 0 1680537392
749110790 1 1680537393
 1680537394
656413747 0 1680537395
 1680537395
656413747 0 1680537397
749110790 1 1680537397
637855362 0 1680537397
 1680537399
749110790 1 1680537399
637855362 0 1680537400
656413747 0 1680537401
749110790 1 1680537401
656413747 0 1680537403
749110790 1 1680537404
749110790 1 1680537406
 1680537406
 1680537408
656413747 0 1680537408
749110790 1 1680537410
656413747 0 1680537410
 1680537412
656413747 0 1680537412
749110790 1 1680537414
 1680537415
 1680537416
 1680537416
 1680537417
190363092 1 1680537418
749110790 1 1680537419
656413747 0 1680537419
190363092 1 1680537420
 1680537421
656413747 0 1680537421
190363092 1 1680537422
749110790 1 1680537423
656413747 0 1680537423
749110790 1 1680537425
 1680537426
749110790 1 1680537427
656413747 0 1680537428
749110790 1 1680537429
656413747 0 1680537430
749110790 1 1680537432
656413747 0 1680537432
 1680537434
656413747 0 1680537434
749110790 1 1680537436
656413747 0 1680537437
749110790 1 1680537438
 1680537439
749110790 1 1680537440
656413747 0 1680537441
749110790 1 1680537442
 1680537443
749110790 1 1680537445
656413747 0 1680537446
 1680537447
 1680537448
749110790 1 1680537449
 1680537450
749110790 1 1680537451
656413747 0 1680537452
749110790 1 1680537453
656413747 0 1680537454
749110790 1 1680537455
656413747 0 1680537457
 1680537457
 1680537459
749110790 1 1680537459
656413747 0 1680537461
749110790 1 1680537462
656413747 0 1680537463
749110790 1 1680537464
656413747 0 1680537465
749110790 1 1680537466
 1680537468
749110790 1 1680537468
656413747 0 1680537470
749110790 1 1680537470
749110790 1 1680537472
656413747 0 1680537472
749110790 1 1680537474
656413747 0 1680537475
749110790 1 1680537477
 1680537477
637855362 1 1680537477
749110790 1 1680537479
656413747 0 1680537479
 1680537481
656413747 0 1680537481
749110790 1 1680537483
656413747 0 1680537483
749110790 1 1680537485
656413747 0 1680537486
749110790 1 1680537487
 1680537488
749110790 1 1680537490
 1680537490
656413747 0 1680537490
749110790 1 1680537492
656413747 0 1680537492
 1680537494
656413747 0 1680537495
656413747 0 1680537497
656413747 0 1680537499
656413747 0 1680537501
656413747 0 1680537503
656413747 0 1680537506
656413747 0 1680537508
656413747 0 1680537510
656413747 0 1680537512
656413747 0 1680537514
656413747 0 1680537517
656413747 0 1680537519
 1680537521
656413747 0 1680537521
280838655 1 1680537523
 1680537523
280838655 1 1680537525
656413747 0 1680537526
280838655 1 1680537527
 1680537528
 1680537529
656413747 0 1680537530
280838655 0 1680537532
 1680537532
656413747 0 1680537535
656413747 0 1680537537
656413747 0 1680537539
656413747 0 1680537541
 1680537543
656413747 0 1680537544
830209918 1 1680537545
656413747 0 1680537546
830209918 1 1680537548
656413747 0 1680537548
830209918 1 1680537550
656413747 0 1680537550
 1680537552
656413747 0 1680537553
497117646 0 1680537553
830209918 0 1680537554
656413747 0 1680537555
497117646 1 1680537556
656413747 0 1680537557
497117646 1 1680537558
656413747 0 1680537559
497117646 0 1680537560
 1680537561
497117646 1 1680537562
656413747 0 1680537564
497117646 0 1680537565
656413747 0 1680537566
 1680537567
656413747 0 1680537568
497117646 0 1680537569
656413747 0 1680537570
497117646 0 1680537571
656413747 0 1680537573
 1680537573
656413747 0 1680537575
497117646 0 1680537576
 1680537577
497117646 0 1680537578
830209918 0 1680537578
656413747 0 1680537579
497117646 0 1680537580
 1680537581
656413747 0 1680537581
497117646 0 1680537582
830209918 0 1680537583
 1680537584
497117646 0 1680537585
656413747 0 1680537586
497117646 0 1680537587
656413747 0 1680537588
497117646 0 1680537589
497117646 0 1680537590
656413747 0 1680537590
656413747 0 1680537594
656413747 0 1680537596
656413747 0 1680537599
 1680537601
656413747 0 1680537603
656413747 0 1680537605
656413747 0 1680537608
656413747 0 1680537610
 1680537612
656413747 0 1680537615
656413747 0 1680537617
 1680537619
656413747 0 1680537622
 1680537624
656413747 0 1680537626
656413747 0 1680537628
656413747 0 1680537631
656413747 0 1680537633
656413747 0 1680537636
 1680537638
656413747 0 1680537640
656413747 0 1680537643
656413747 0 1680537645
656413747 0 1680537647
656413747 0 1680537649
656413747 0 1680537652
656413747 0 1680537654
656413747 0 1680537656
656413747 0 1680537659
656413747 0 1680537661
656413747 0 1680537663
656413747 0 1680537665
 1680537667
656413747 0 1680537670
656413747 0 1680537672
656413747 0 1680537674
 1680537676
656413747 0 1680537679
 1680537681
656413747 0 1680537683
656413747 0 1680537685
656413747 0 1680537688
656413747 0 1680537690
656413747 0 1680537692
 1680537694
656413747 0 1680537696
656413747 0 1680537699
656413747 0 1680537701
656413747 0 1680537703
656413747 0 1680537705
656413747 0 1680537707
 1680537710
656413747 0 1680537712
656413747 0 1680537714
656413747 0 1680537716
656413747 0 1680537718
 1680537721
656413747 0 1680537723
656413747 0 1680537725
656413747 0 1680537727
 1680537730
656413747 0 1680537732
 1680537734
656413747 0 1680537736
656413747 0 1680537739
656413747 0 1680537741
 1680537743
656413747 0 1680537745
889039324 0 1680537747
656413747 0 1680537747
889039324 1 1680537749
656413747 0 1680537750
 1680537751
656413747 0 1680537752
889039324 1 1680537754
 1680537754
889039324 1 1680537756
656413747 0 1680537756
889039324 1 1680537758
656413747 0 1680537759
889039324 1 1680537760
 1680537761
 1680537763
656413747 0 1680537763
889039324 1 1680537765
656413747 0 1680537765
889039324 1 1680537767
 1680537768
656413747 0 1680537770
656413747 0 1680537772
656413747 0 1680537774
656413747 0 1680537776
 1680537779
 1680537781
656413747 0 1680537783
656413747 0 1680537785
656413747 0 1680537788
656413747 0 1680537790
656413747 0 1680537792
656413747 0 1680537794
656413747 0 1680537797
656413747 0 1680537799
 1680537801
656413747 0 1680537803
656413747 0 1680537805
 1680537808
656413747 0 1680537810
 1680537812
 1680537814
656413747 0 1680537816
656413747 0 1680537819
656413747 0 1680537821
 1680537823
656413747 0 1680537825
 1680537828
656413747 0 1680537830
656413747 0 1680537832
656413747 0 1680537834
 1680537837
656413747 0 1680537839
656413747 0 1680537841
656413747 0 1680537843
656413747 0 1680537846
656413747 0 1680537848
 1680537850
 1680537852
656413747 0 1680537855
656413747 0 1680537857
656413747 0 1680537859
830209918 0 1680537860
656413747 0 1680537861
 1680537864
656413747 0 1680537866
656413747 0 1680537868
656413747 0 1680537871
656413747 0 1680537873
656413747 0 1680537875
656413747 0 1680537878
 1680537880
656413747 0 1680537882
656413747 0 1680537884
830209918 0 1680537885
656413747 0 1680537887
830209918 0 1680537887
 1680537889
830209918 0 1680537889
656413747 0 1680537891
656413747 0 1680537893
656413747 0 1680537896
 1680537896
656413747 0 1680537898
 1680537898
656413747 0 1680537900
554297834 1 1680537900
656413747 0 1680537902
 1680537903
656413747 0 1680537904
347459150 1 1680537905
 1680537905
 1680537907
 1680537907
554297834 0 1680537907
 1680537909
656413747 0 1680537909
554297834 0 1680537909
656413747 0 1680537911
347459150 1 1680537911
554297834 0 1680537912
 1680537913
347459150 1 1680537913
554297834 0 1680537914
347459150 1 1680537915
656413747 0 1680537916
 1680537916
347459150 1 1680537918
656413747 0 1680537918
554297834 0 1680537918
347459150 1 1680537920
656413747 0 1680537920
554297834 0 1680537920
347459150 1 1680537922
 1680537922
554297834 0 1680537923
347459150 1 1680537924
656413747 0 1680537925
554297834 0 1680537925
347459150 1 1680537926
656413747 0 1680537927
554297834 0 1680537928
347459150 1 1680537929
 1680537929
554297834 0 1680537930
 1680537931
656413747 0 1680537931
554297834 0 1680537932
347459150 0 1680537933
 1680537934
554297834 0 1680537934
 1680537935
656413747 0 1680537936
554297834 0 1680537937
347459150 0 1680537938
656413747 0 1680537938
 1680537939
347459150 0 1680537940
656413747 0 1680537940
 1680537941
347459150 0 1680537942
 1680537942
554297834 0 1680537944
313320055 1 1680537944
656413747 0 1680537945
 1680537945
554297834 0 1680537946
313320055 1 1680537946
656413747 0 1680537947
347459150 0 1680537947
554297834 0 1680537948
313320055 1 1680537948
656413747 0 1680537949
347459150 0 1680537949
554297834 0 1680537950
 1680537950
656413747 0 1680537951
 1680537952
554297834 0 1680537952
313320055 1 1680537953
 1680537953
 1680537955
347459150 0 1680537955
 1680537955
656413747 0 1680537956
347459150 0 1680537957
554297834 0 1680537957
313320055 1 1680537957
656413747 0 1680537958
347459150 0 1680537959
554297834 0 1680537959
656413747 0 1680537960
554297834 0 1680537961
656413747 0 1680537962
 1680537964
347459150 0 1680537964
656413747 0 1680537964
 1680537966
554297834 0 1680537966
347459150 1 1680537966
656413747 0 1680537967
313320055 1 1680537968
554297834 0 1680537968
656413747 0 1680537969
313320055 1 1680537970
554297834 0 1680537970
 1680537971
313320055 1 1680537973
554297834 0 1680537973
656413747 0 1680537973
313320055 1 1680537975
554297834 0 1680537975
656413747 0 1680537976
313320055 0 1680537977
554297834 0 1680537977
656413747 0 1680537978
313320055 0 1680537979
554297834 0 1680537979
656413747 0 1680537980
313320055 0 1680537982
 1680537982
 1680537982
313320055 0 1680537984
 1680537984
656413747 0 1680537984
313320055 0 1680537986
656413747 0 1680537987
554297834 0 1680537987
313320055 0 1680537988
656413747 0 1680537989
 1680537989
 1680537991
554297834 0 1680537991
554297834 0 1680537993
656413747 0 1680537994
554297834 1 1680537996
 1680537996
 1680537998
656413747 0 1680538000
 1680538002
 1680538004
656413747 0 1680538005
554297834 1 1680538006
656413747 0 1680538007
554297834 1 1680538009
656413747 0 1680538009
656413747 0 1680538011
656413747 0 1680538014
 1680538016
656413747 0 1680538018
656413747 0 1680538021
656413747 0 1680538023
656413747 0 1680538025
656413747 0 1680538027
656413747 0 1680538030
656413747 0 1680538032
656413747 0 1680538034
 1680538036
656413747 0 1680538039
 1680538041
656413747 0 1680538043
656413747 0 1680538046
656413747 0 1680538048
656413747 0 1680538050
 1680538053
656413747 0 1680538055
656413747 0 1680538057
656413747 0 1680538059
656413747 0 1680538062
 1680538064
656413747 0 1680538066
 1680538069
656413747 0 1680538071
656413747 0 1680538073
656413747 0 1680538075
656413747 0 1680538078
656413747 0 1680538080
656413747 0 1680538082
 1680538085
656413747 0 1680538087
656413747 0 1680538090
656413747 0 1680538092
656413747 0 1680538094
656413747 0 1680538097
656413747 0 1680538099
656413747 0 1680538101
656413747 0 1680538103
 1680538106
656413747 0 1680538108
 1680538110
656413747 0 1680538112
 1680538115
656413747 0 1680538117
 1680538119
656413747 0 1680538121
656413747 0 1680538124
656413747 0 1680538126
656413747 0 1680538128
656413747 0 1680538131
656413747 0 1680538133
656413747 0 1680538135
 1680538138
656413747 0 1680538140
656413747 0 1680538142
 1680538144
656413747 0 1680538146
656413747 0 1680538149
656413747 0 1680538151
656413747 0 1680538153
656413747 0 1680538155
 1680538158
656413747 0 1680538160
656413747 0 1680538163
656413747 0 1680538165
656413747 0 1680538167
 1680538170
 1680538172
656413747 0 1680538174
656413747 0 1680538176
656413747 0 1680538179
656413747 0 1680538181
333458777 1 1680538181
656413747 0 1680538183
333458777 1 1680538183
 1680538185
333458777 1 1680538186
656413747 0 1680538187
 1680538188
656413747 0 1680538190
333458777 1 1680538190
 1680538192
333458777 1 1680538192
656413747 0 1680538194
333458777 1 1680538194
656413747 0 1680538196
333458777 1 1680538197
656413747 0 1680538198
333458777 1 1680538199
 1680538201
333458777 1 1680538201
656413747 0 1680538203
 1680538203
656413747 0 1680538205
333458777 1 1680538206
 1680538207
333458777 1 1680538208
 1680538210
 1680538210
 1680538212
333458777 1 1680538212
656413747 0 1680538214
333458777 1 1680538214
 1680538216
656413747 0 1680538219
333458777 1 1680538219
656413747 0 1680538221
333458777 1 1680538222
656413747 0 1680538223
333458777 1 1680538224
656413747 0 1680538225
656413747 0 1680538227
656413747 0 1680538230
656413747 0 1680538232
656413747 0 1680538234
656413747 0 1680538236
656413747 0 1680538239
656413747 0 1680538241
656413747 0 1680538243
656413747 0 1680538245
 1680538248
656413747 0 1680538250
 1680538252
656413747 0 1680538254
656413747 0 1680538257
656413747 0 1680538259
 1680538261
656413747 0 1680538263
 1680538266
656413747 0 1680538268
656413747 0 1680538270
656413747 0 1680538272
656413747 0 1680538274
656413747 0 1680538277
656413747 0 1680538279
656413747 0 1680538282
656413747 0 1680538284
656413747 0 1680538287
656413747 0 1680538289
656413747 0 1680538291
656413747 0 1680538293
656413747 0 1680538295
 1680538298
656413747 0 1680538300
 1680538302
656413747 0 1680538305
656413747 0 1680538307
 1680538309
656413747 0 1680538312
656413747 0 1680538314
 1680538316
656413747 0 1680538318
 1680538320
656413747 0 1680538323
656413747 0 1680538325
656413747 0 1680538327
656413747 0 1680538329
656413747 0 1680538332
656413747 0 1680538334
656413747 0 1680538336
 1680538338
656413747 0 1680538340
 1680538343
656413747 0 1680538345
 1680538347
656413747 0 1680538349
656413747 0 1680538352
656413747 0 1680538354
656413747 0 1680538356
 1680538359
656413747 0 1680538361
656413747 0 1680538363
 1680538366
656413747 0 1680538369
 1680538371
656413747 0 1680538373
656413747 0 1680538375
656413747 0 1680538377
656413747 0 1680538380
 1680538382
656413747 0 1680538384
656413747 0 1680538387
656413747 0 1680538389
656413747 0 1680538391
656413747 0 1680538393
656413747 0 1680538396
656413747 0 1680538398
656413747 0 1680538401
656413747 0 1680538403
656413747 0 1680538406
656413747 0 1680538408
656413747 0 1680538410
656413747 0 1680538413
 1680538415
656413747 0 1680538417
656413747 0 1680538419
656413747 0 1680538422
656413747 0 1680538424
656413747 0 1680538426
656413747 0 1680538428
656413747 0 1680538431
656413747 0 1680538433
656413747 0 1680538435
656413747 0 1680538437
656413747 0 1680538439
 1680538442
656413747 0 1680538444
656413747 0 1680538446
656413747 0 1680538448
656413747 0 1680538451
656413747 0 1680538453
656413747 0 1680538455
656413747 0 1680538457
656413747 0 1680538460
 1680538462
656413747 0 1680538464
656413747 0 1680538466
656413747 0 1680538468
656413747 0 1680538471
656413747 0 1680538473
656413747 0 1680538475
656413747 0 1680538478
 1680538480
656413747 0 1680538482
656413747 0 1680538484
 1680538486
656413747 0 1680538489
656413747 0 1680538491
 1680538494
656413747 0 1680538496
656413747 0 1680538498
 1680538500
656413747 0 1680538503
656413747 0 1680538505
 1680538507
656413747 0 1680538509
656413747 0 1680538511
656413747 0 1680538514
 1680538516
 1680538518
 1680538520
 1680538523
656413747 0 1680538525
 1680538527
656413747 0 1680538529
656413747 0 1680538531
656413747 0 1680538534
656413747 0 1680538536
656413747 0 1680538538
 1680538540
656413747 0 1680538543
656413747 0 1680538545
656413747 0 1680538547
656413747 0 1680538549
656413747 0 1680538552
656413747 0 1680538554
656413747 0 1680538556
 1680538558
656413747 0 1680538560
656413747 0 1680538563
656413747 0 1680538565
656413747 0 1680538567
 1680538570
656413747 0 1680538572
656413747 0 1680538574
 1680538576
656413747 0 1680538579
656413747 0 1680538581
656413747 0 1680538583
656413747 0 1680538585
554297834 0 1680538586
656413747 0 1680538587
656413747 0 1680538589
 1680538592
656413747 0 1680538594
656413747 0 1680538596
656413747 0 1680538599
656413747 0 1680538601
656413747 0 1680538603
656413747 0 1680538605
656413747 0 1680538607
656413747 0 1680538610
656413747 0 1680538612
656413747 0 1680538614
656413747 0 1680538616
656413747 0 1680538618
656413747 0 1680538621
656413747 0 1680538623
 1680538625
656413747 0 1680538627
 1680538630
656413747 0 1680538632
656413747 0 1680538634
656413747 0 1680538636
656413747 0 1680538639
656413747 0 1680538641
656413747 0 1680538644
 1680538646
656413747 0 1680538648
656413747 0 1680538650
 1680538653
656413747 0 1680538655
656413747 0 1680538657
 1680538659
656413747 0 1680538662
656413747 0 1680538664
 1680538666
656413747 0 1680538668
656413747 0 1680538671
656413747 0 1680538673
656413747 0 1680538675
656413747 0 1680538677
 1680538679
656413747 0 1680538682
 1680538684
656413747 0 1680538686
 1680538688
656413747 0 1680538691
656413747 0 1680538693
656413747 0 1680538695
656413747 0 1680538697
448407973 1 1680538699
656413747 0 1680538699
 1680538701
656413747 0 1680538702
 1680538704
656413747 0 1680538704
448407973 1 1680538706
656413747 0 1680538706
448407973 1 1680538708
656413747 0 1680538708
 1680538710
656413747 0 1680538711
448407973 0 1680538712
 1680538713
656413747 0 1680538715
656413747 0 1680538717
656413747 0 1680538720
 1680538722
 1680538724
656413747 0 1680538726
 1680538728
656413747 0 1680538731
656413747 0 1680538733
 1680538735
656413747 0 1680538737
656413747 0 1680538740
 1680538742
656413747 0 1680538744
656413747 0 1680538746
656413747 0 1680538748
656413747 0 1680538751
656413747 0 1680538753
803604514 1 1680538755
656413747 0 1680538755
803604514 1 1680538755
803604514 1 1680538755
803604514 1 1680538756
803604514 1 1680538756
803604514 1 1680538757
803604514 1 1680538757
656413747 0 1680538757
803604514 1 1680538758
803604514 1 1680538758
803604514 1 1680538758
803604514 1 1680538759
656413747 0 1680538759
803604514 1 1680538759
803604514 1 1680538760
803604514 1 1680538760
803604514 1 1680538761
656413747 0 1680538762
656413747 0 1680538764
656413747 0 1680538766
656413747 0 1680538768
656413747 0 1680538771
656413747 0 1680538773
 1680538775
656413747 0 1680538777
656413747 0 1680538779
656413747 0 1680538782
 1680538784
656413747 0 1680538786
656413747 0 1680538788
 1680538791
 1680538793
656413747 0 1680538795
 1680538797
656413747 0 1680538800
656413747 0 1680538802
656413747 0 1680538805
656413747 0 1680538807
656413747 0 1680538809
656413747 0 1680538811
656413747 0 1680538814
 1680538816
656413747 0 1680538818
 1680538820
656413747 0 1680538823
656413747 0 1680538825
656413747 0 1680538827
656413747 0 1680538829
656413747 0 1680538831
656413747 0 1680538834
 1680538836
 1680538838
656413747 0 1680538840
 1680538843
656413747 0 1680538845
 1680538847
656413747 0 1680538849
656413747 0 1680538851
 1680538854
656413747 0 1680538856
656413747 0 1680538858
 1680538861
656413747 0 1680538863
656413747 0 1680538865
 1680538867
656413747 0 1680538870
656413747 0 1680538872
 1680538874
417684590 1 1680538876
 1680538877
830209918 0 1680538877
417684590 1 1680538878
656413747 0 1680538879
830209918 0 1680538879
 1680538880
 1680538881
656413747 0 1680538881
417684590 1 1680538883
830209918 0 1680538883
656413747 0 1680538883
417684590 1 1680538885
 1680538885
 1680538886
417684590 1 1680538887
830209918 0 1680538888
656413747 0 1680538888
417684590 1 1680538889
656413747 0 1680538890
417684590 1 1680538891
656413747 0 1680538892
417684590 1 1680538893
656413747 0 1680538894
417684590 1 1680538896
656413747 0 1680538897
417684590 1 1680538898
 1680538899
417684590 1 1680538900
656413747 0 1680538901
 1680538903
 1680538903
200731228 1 1680538904
656413747 0 1680538906
 1680538908
200731228 1 1680538910
656413747 0 1680538910
200731228 1 1680538912
656413747 0 1680538912
991450046 1 1680538913
 1680538914
 1680538915
 1680538915
 1680538916
656413747 0 1680538917
 1680538919
656413747 0 1680538921
 1680538924
656413747 0 1680538926
656413747 0 1680538928
 1680538930
656413747 0 1680538933
656413747 0 1680538935
656413747 0 1680538937
656413747 0 1680538939
656413747 0 1680538942
656413747 0 1680538944
656413747 0 1680538946
 1680538948
656413747 0 1680538950
656413747 0 1680538953
 1680538955
656413747 0 1680538957
656413747 0 1680538959
 1680538962
656413747 0 1680538964
 1680538966
656413747 0 1680538968
 1680538971
656413747 0 1680538973
 1680538975
656413747 0 1680538977
656413747 0 1680538980
656413747 0 1680538982
 1680538984
656413747 0 1680538984
918627668 1 1680538986
 1680538986
 1680538988
656413747 0 1680538989
918627668 1 1680538990
656413747 0 1680538991
918627668 1 1680538992
 1680538993
 1680538995
656413747 0 1680538995
918627668 1 1680538997
 1680538998
918627668 1 1680538999
 1680539000
918627668 1 1680539001
656413747 0 1680539002
918627668 1 1680539003
656413747 0 1680539004
918627668 1 1680539005
 1680539007
918627668 1 1680539007
 1680539009
 1680539010
656413747 0 1680539011
918627668 1 1680539012
656413747 0 1680539013
 1680539014
 1680539015
 1680539015
656413747 0 1680539015
886175811 1 1680539017
 1680539017
 1680539017
886175811 1 1680539019
656413747 0 1680539020
130592835 0 1680539020
656413747 0 1680539022
 1680539022
886175811 1 1680539022
833814480 1 1680539023
656413747 0 1680539024
886175811 1 1680539025
130592835 0 1680539025
833814480 1 1680539025
656413747 0 1680539026
886175811 0 1680539027
 1680539027
833814480 1 1680539027
 1680539029
833814480 1 1680539029
130592835 0 1680539029
886175811 0 1680539031
656413747 0 1680539031
833814480 1 1680539031
130592835 0 1680539032
886175811 0 1680539033
656413747 0 1680539033
833814480 1 1680539033
130592835 0 1680539034
 1680539035
886175811 0 1680539036
833814480 1 1680539036
130592835 0 1680539036
656413747 0 1680539038
 1680539038
833814480 1 1680539038
130592835 0 1680539038
656413747 0 1680539040
 1680539040
886175811 0 1680539040
130592835 0 1680539040
656413747 0 1680539042
833814480 1 1680539042
886175811 0 1680539042
 1680539043
 1680539044
833814480 1 1680539045
886175811 0 1680539045
130592835 0 1680539045
 1680539047
 1680539047
886175811 0 1680539047
 1680539047
833814480 1 1680539049
656413747 0 1680539049
886175811 0 1680539049
833814480 1 1680539051
656413747 0 1680539051
886175811 0 1680539051
833814480 1 1680539053
656413747 0 1680539053
 1680539054
 1680539055
656413747 0 1680539056
886175811 0 1680539056
 1680539058
833814480 1 1680539058
886175811 0 1680539058
 1680539060
656413747 0 1680539060
886175811 0 1680539061
833814480 1 1680539062
656413747 0 1680539062
886175811 0 1680539063
656413747 0 1680539065
833814480 1 1680539065
886175811 0 1680539065
 1680539067
656413747 0 1680539067
886175811 0 1680539067
 1680539068
 1680539069
 1680539069
 1680539070
130592835 1 1680539070
833814480 1 1680539071
656413747 0 1680539072
886175811 0 1680539072
130592835 0 1680539073
 1680539073
656413747 0 1680539074
886175811 0 1680539074
833814480 1 1680539075
130592835 0 1680539076
656413747 0 1680539076
886175811 0 1680539076
 1680539078
 1680539078
 1680539079
886175811 0 1680539079
130592835 0 1680539080
833814480 1 1680539080
656413747 0 1680539081
886175811 0 1680539081
130592835 0 1680539082
833814480 1 1680539082
656413747 0 1680539083
 1680539083
130592835 0 1680539084
656413747 0 1680539085
886175811 0 1680539086
130592835 0 1680539086
656413747 0 1680539087
886175811 0 1680539089
130592835 0 1680539089
 1680539090
 1680539091
656413747 0 1680539092
130592835 0 1680539093
656413747 0 1680539094
 1680539095
 1680539096
656413747 0 1680539096
886175811 0 1680539097
 1680539097
130592835 0 1680539098
 1680539098
886175811 0 1680539100
 1680539100
130592835 0 1680539100
656413747 0 1680539101
 1680539102
597640452 1 1680539102
 1680539102
656413747 0 1680539103
886175811 0 1680539104
130592835 0 1680539105
656413747 0 1680539105
886175811 0 1680539106
 1680539107
656413747 0 1680539107
130592835 0 1680539108
886175811 0 1680539109
238344698 1 1680539109
656413747 0 1680539110
130592835 0 1680539110
886175811 0 1680539111
238344698 1 1680539112
 1680539112
 1680539113
886175811 0 1680539113
 1680539114
656413747 0 1680539114
130592835 0 1680539115
 1680539115
238344698 1 1680539116
656413747 0 1680539117
130592835 0 1680539117
886175811 0 1680539118
 1680539118
 1680539119
130592835 0 1680539120
886175811 0 1680539120
238344698 1 1680539120
656413747 0 1680539121
130592835 0 1680539122
886175811 0 1680539122
238344698 1 1680539122
656413747 0 1680539123
130592835 0 1680539124
886175811 0 1680539125
238344698 1 1680539125
656413747 0 1680539125
130592835 0 1680539126
886175811 0 1680539127
238344698 1 1680539127
656413747 0 1680539128
 1680539129
 1680539129
886175811 0 1680539129
656413747 0 1680539130
130592835 0 1680539131
238344698 1 1680539131
886175811 0 1680539132
656413747 0 1680539132
130592835 0 1680539133
238344698 1 1680539133
886175811 0 1680539134
656413747 0 1680539134
238344698 1 1680539136
130592835 0 1680539136
886175811 0 1680539136
656413747 0 1680539136
238344698 1 1680539138
130592835 0 1680539138
886175811 0 1680539138
656413747 0 1680539139
238344698 1 1680539140
130592835 0 1680539140
886175811 0 1680539141
656413747 0 1680539141
886175811 0 1680539143
130592835 0 1680539143
 1680539143
886175811 0 1680539145
130592835 0 1680539145
656413747 0 1680539145
 1680539147
886175811 0 1680539147
656413747 0 1680539148
 1680539149
656413747 0 1680539150
130592835 0 1680539150
886175811 0 1680539152
656413747 0 1680539152
 1680539153
554297834 0 1680539154
886175811 0 1680539154
656413747 0 1680539154
 1680539156
554297834 1 1680539156
886175811 0 1680539156
 1680539157
554297834 1 1680539158
 1680539158
656413747 0 1680539159
130592835 0 1680539159
 1680539160
886175811 0 1680539161
 1680539161
130592835 0 1680539161
554297834 1 1680539162
886175811 0 1680539163
656413747 0 1680539163
130592835 0 1680539164
554297834 0 1680539164
886175811 0 1680539165
656413747 0 1680539166
130592835 0 1680539166
 1680539167
656413747 0 1680539168
130592835 0 1680539169
554297834 0 1680539170
886175811 0 1680539170
656413747 0 1680539170
130592835 0 1680539171
886175811 0 1680539172
656413747 0 1680539172
 1680539174
886175811 0 1680539174
656413747 0 1680539175
130592835 0 1680539176
886175811 0 1680539177
656413747 0 1680539177
 1680539178
886175811 0 1680539179
656413747 0 1680539179
130592835 0 1680539180
886175811 0 1680539181
 1680539181
 1680539183
886175811 0 1680539183
656413747 0 1680539184
130592835 0 1680539185
886175811 0 1680539186
656413747 0 1680539186
130592835 0 1680539187
886175811 0 1680539188
656413747 0 1680539188
130592835 0 1680539189
886175811 0 1680539190
656413747 0 1680539190
130592835 0 1680539191
886175811 0 1680539193
656413747 0 1680539193
130592835 0 1680539194
 1680539195
656413747 0 1680539195
130592835 0 1680539196
656413747 0 1680539198
130592835 0 1680539198
656413747 0 1680539200
 1680539200
656413747 0 1680539202
656413747 0 1680539204
656413747 0 1680539207
656413747 0 1680539209
831610279 1 1680539210
656413747 0 1680539211
831610279 1 1680539212
656413747 0 1680539213
831610279 1 1680539214
656413747 0 1680539215
 1680539218
831610279 1 1680539218
831610279 1 1680539220
656413747 0 1680539220
831610279 1 1680539222
656413747 0 1680539222
831610279 1 1680539224
656413747 0 1680539224
831610279 1 1680539226
656413747 0 1680539227
831610279 1 1680539229
656413747 0 1680539229
831610279 1 1680539231
656413747 0 1680539231
831610279 1 1680539233
656413747 0 1680539233
831610279 1 1680539235
554297834 0 1680539235
 1680539235
831610279 1 1680539237
 1680539237
656413747 0 1680539238
 1680539240
656413747 0 1680539242
656413747 0 1680539244
 1680539247
656413747 0 1680539249
656413747 0 1680539251
656413747 0 1680539253
656413747 0 1680539256
656413747 0 1680539258
656413747 0 1680539260
 1680539262
656413747 0 1680539265
656413747 0 1680539267
656413747 0 1680539269
656413747 0 1680539271
656413747 0 1680539273
656413747 0 1680539276
656413747 0 1680539278
656413747 0 1680539280
656413747 0 1680539282
656413747 0 1680539285
 1680539287
656413747 0 1680539289
656413747 0 1680539291
656413747 0 1680539294
 1680539296
656413747 0 1680539298
 1680539300
656413747 0 1680539303
656413747 0 1680539305
656413747 0 1680539307
656413747 0 1680539309
656413747 0 1680539311
656413747 0 1680539314
656413747 0 1680539316
656413747 0 1680539318
554297834 1 1680539320
656413747 0 1680539320
 1680539322
656413747 0 1680539323
554297834 1 1680539325
656413747 0 1680539325
554297834 1 1680539327
656413747 0 1680539327
 1680539329
 1680539329
656413747 0 1680539331
656413747 0 1680539334
656413747 0 1680539336
656413747 0 1680539338
656413747 0 1680539340
 1680539343
656413747 0 1680539345
656413747 0 1680539347
656413747 0 1680539349
656413747 0 1680539351
554297834 0 1680539353
656413747 0 1680539354
 1680539356
 1680539356
656413747 0 1680539358
656413747 0 1680539360
656413747 0 1680539363
656413747 0 1680539365
656413747 0 1680539368
 1680539370
656413747 0 1680539372
656413747 0 1680539375
656413747 0 1680539377
656413747 0 1680539379
130592835 0 1680539380
656413747 0 1680539381
130592835 0 1680539383
656413747 0 1680539383
130592835 0 1680539385
656413747 0 1680539386
130592835 0 1680539388
656413747 0 1680539388
130592835 0 1680539390
 1680539390
130592835 0 1680539392
656413747 0 1680539392
656413747 0 1680539394
130592835 0 1680539395
656413747 0 1680539397
 1680539397
656413747 0 1680539399
130592835 0 1680539399
656413747 0 1680539401
130592835 0 1680539402
656413747 0 1680539403
 1680539404
 1680539406
130592835 0 1680539406
656413747 0 1680539408
130592835 0 1680539409
656413747 0 1680539410
130592835 0 1680539411
656413747 0 1680539412
130592835 0 1680539413
656413747 0 1680539414
656413747 0 1680539417
656413747 0 1680539419
656413747 0 1680539421
656413747 0 1680539423
656413747 0 1680539426
656413747 0 1680539428
656413747 0 1680539430
656413747 0 1680539432
656413747 0 1680539434
 1680539436
553392911 1 1680539438
656413747 0 1680539439
 1680539440
 1680539441
553392911 1 1680539442
656413747 0 1680539443
 1680539445
656413747 0 1680539445
553392911 1 1680539447
656413747 0 1680539448
553392911 1 1680539449
656413747 0 1680539450
553392911 1 1680539451
656413747 0 1680539452
553392911 1 1680539453
 1680539454
553392911 1 1680539456
656413747 0 1680539457
553392911 1 1680539458
 1680539459
 1680539460
656413747 0 1680539461
553392911 1 1680539462
656413747 0 1680539463
553392911 1 1680539464
656413747 0 1680539466
553392911 1 1680539466
656413747 0 1680539468
553392911 1 1680539469
656413747 0 1680539470
553392911 1 1680539471
656413747 0 1680539472
553392911 1 1680539473
 1680539474
 1680539475
886175811 0 1680539475
656413747 0 1680539477
553392911 1 1680539477
886175811 0 1680539477
656413747 0 1680539479
553392911 1 1680539480
886175811 0 1680539480
656413747 0 1680539481
553392911 1 1680539482
886175811 0 1680539482
656413747 0 1680539483
 1680539484
886175811 0 1680539484
656413747 0 1680539486
553392911 1 1680539486
886175811 0 1680539487
 1680539488
553392911 1 1680539488
 1680539489
656413747 0 1680539490
 1680539490
886175811 0 1680539491
656413747 0 1680539492
553392911 1 1680539492
886175811 0 1680539493
 1680539495
 1680539495
886175811 0 1680539496
553392911 1 1680539497
656413747 0 1680539497
 1680539498
 1680539499
656413747 0 1680539499
886175811 0 1680539500
553392911 1 1680539501
656413747 0 1680539501
886175811 0 1680539502
 1680539503
656413747 0 1680539504
886175811 0 1680539505
553392911 1 1680539506
656413747 0 1680539506
886175811 0 1680539507
553392911 1 1680539508
656413747 0 1680539508
886175811 0 1680539509
 1680539510
656413747 0 1680539511
886175811 0 1680539512
553392911 1 1680539512
656413747 0 1680539513
886175811 0 1680539514
553392911 1 1680539514
 1680539515
886175811 0 1680539516
553392911 1 1680539516
 1680539517
886175811 0 1680539519
553392911 1 1680539519
656413747 0 1680539520
 1680539521
656413747 0 1680539522
 1680539523
656413747 0 1680539524
553392911 1 1680539526
656413747 0 1680539526
553392911 0 1680539528
656413747 0 1680539529
 1680539530
656413747 0 1680539531
 1680539533
656413747 0 1680539533
 1680539534
553392911 0 1680539535
656413747 0 1680539535
553392911 0 1680539537
130592835 0 1680539537
656413747 0 1680539537
553392911 0 1680539539
 1680539539
656413747 0 1680539540
 1680539541
130592835 0 1680539542
656413747 0 1680539542
553392911 0 1680539544
130592835 0 1680539544
656413747 0 1680539544
553392911 0 1680539546
130592835 0 1680539546
656413747 0 1680539547
 1680539548
130592835 0 1680539548
 1680539549
130592835 0 1680539551
 1680539551
656413747 0 1680539551
 1680539553
553392911 0 1680539553
656413747 0 1680539554
 1680539555
130592835 0 1680539555
 1680539556
130592835 0 1680539557
656413747 0 1680539558
130592835 0 1680539560
656413747 0 1680539561
 1680539562
 1680539563
130592835 0 1680539565
656413747 0 1680539565
 1680539567
656413747 0 1680539567
130592835 0 1680539569
656413747 0 1680539569
656413747 0 1680539572
130592835 0 1680539572
656413747 0 1680539574
130592835 0 1680539574
130592835 0 1680539576
656413747 0 1680539576
 1680539578
 1680539578
656413747 0 1680539580
130592835 0 1680539580
 1680539583
130592835 0 1680539583
656413747 0 1680539585
656413747 0 1680539587
130592835 0 1680539588
656413747 0 1680539590
130592835 0 1680539590
 1680539593
130592835 0 1680539595
130592835 0 1680539597
130592835 0 1680539599
130592835 0 1680539602
130592835 0 1680539604
 1680539606
130592835 0 1680539609
130592835 0 1680539611
130592835 0 1680539613
130592835 0 1680539615
130592835 0 1680539618
130592835 0 1680539620
 1680539622
130592835 0 1680539624
 1680539627
130592835 0 1680539629
130592835 0 1680539631
130592835 0 1680539634
130592835 0 1680539637
130592835 0 1680539639
130592835 0 1680539641
130592835 0 1680539644
130592835 0 1680539646
130592835 0 1680539648
130592835 0 1680539651
130592835 0 1680539653
130592835 0 1680539655
130592835 0 1680539657
130592835 0 1680539659
 1680539662
130592835 0 1680539664
130592835 0 1680540080
130592835 0 1680540082
130592835 0 1680540085
130592835 0 1680540087
130592835 0 1680540089
130592835 0 1680540091
130592835 0 1680540093
130592835 0 1680540096
130592835 0 1680540098
130592835 0 1680540100
130592835 0 1680540102
 1680540104
130592835 0 1680540107
839800302 1 1680540108
 1680540109
839800302 1 1680540110
130592835 0 1680540112
839800302 1 1680540112
130592835 0 1680540114
130592835 0 1680540116
130592835 0 1680540118
 1680540120
130592835 0 1680540122
 1680540125
130592835 0 1680540127
 1680540130
130592835 0 1680540132
130592835 0 1680540135
130592835 0 1680540137
 1680540139
130592835 0 1680540141
130592835 0 1680540143
130592835 0 1680540146
130592835 0 1680540148
 1680540150
130592835 0 1680540152
130592835 0 1680540156
130592835 0 1680540158
 1680540160
130592835 0 1680540162
130592835 0 1680540164
130592835 0 1680540167
130592835 0 1680540169
130592835 0 1680540171
 1680540175
130592835 0 1680540177
130592835 0 1680540180
130592835 0 1680540182
130592835 0 1680540184
130592835 0 1680540186
130592835 0 1680540189
130592835 0 1680540191
130592835 0 1680540193
130592835 0 1680540195
 1680540198
130592835 0 1680540200
130592835 0 1680540202
130592835 0 1680540204
 1680540206
130592835 0 1680540206
554297834 0 1680540208
 1680540209
554297834 0 1680540210
130592835 0 1680540211
554297834 0 1680540213
130592835 0 1680540213
554297834 0 1680540215
130592835 0 1680540215
 1680540217
130592835 0 1680540218
554297834 0 1680540219
130592835 0 1680540220
554297834 0 1680540221
130592835 0 1680540222
554297834 0 1680540224
130592835 0 1680540224
554297834 0 1680540226
130592835 0 1680540227
 1680540228
130592835 0 1680540229
 1680540230
130592835 0 1680540231
554297834 0 1680540233
130592835 0 1680540233
554297834 0 1680540235
 1680540236
 1680540237
130592835 0 1680540238
554297834 0 1680540240
130592835 0 1680540240
 1680540242
554297834 0 1680540242
130592835 0 1680540244
554297834 0 1680540244
 1680540246
 1680540247
130592835 0 1680540249
130592835 0 1680540251
130592835 0 1680540253
130592835 0 1680540255
130592835 0 1680540258
130592835 0 1680540260
130592835 0 1680540262
130592835 0 1680540264
130592835 0 1680540267
130592835 0 1680540269
130592835 0 1680540271
130592835 0 1680540273
130592835 0 1680540276
554297834 0 1680540278
130592835 0 1680540278
554297834 0 1680540280
 1680540280
 1680540282
130592835 0 1680540282
130592835 0 1680540284
 1680540287
130592835 0 1680540289
130592835 0 1680540291
450694489 1 1680540367
450694489 1 1680540370
450694489 1 1680540372
 1680540374
 1680540376
450694489 1 1680540378
 1680540380
450694489 1 1680540382
450694489 0 1680540385
 1680540386
 1680540388
450694489 1 1680540390
450694489 1 1680540392
450694489 1 1680540394
450694489 1 1680540396
450694489 1 1680540399
450694489 1 1680540401
450694489 1 1680540403
 1680540405
450694489 1 1680540407
450694489 1 1680540409
450694489 1 1680540411
450694489 1 1680540413
450694489 1 1680540415
 1680540417
450694489 1 1680540420
450694489 1 1680540422
450694489 1 1680540424
450694489 1 1680540426
 1680540428
450694489 1 1680540430
 1680540433
450694489 1 1680540435
450694489 1 1680540437
 1680540439
830209918 0 1680540459
830209918 0 1680540461
 1680540478
680440967 1 1680540480
680440967 1 1680540482
680440967 1 1680540484
 1680540487
680440967 1 1680540489
680440967 1 1680540491
680440967 1 1680540492
680440967 1 1680540495
909895916 1 1680540992
 1680540995
909895916 1 1680540997
909895916 1 1680540999
645228953 0 1680541001
909895916 1 1680541001
645228953 1 1680541003
909895916 1 1680541003
645228953 1 1680541005
909895916 1 1680541005
645228953 1 1680541007
909895916 1 1680541008
645228953 1 1680541009
909895916 1 1680541010
645228953 1 1680541011
 1680541012
987034654 1 1680541019
987034654 1 1680541021
75191358 0 1680541045
75191358 1 1680541047
75191358 1 1680541049
 1680541051
 1680541053
75191358 1 1680541056
75191358 1 1680541058
75191358 1 1680541060
75191358 1 1680541062
 1680541063
75191358 1 1680541066
 1680541280
57456191 1 1680541282
149027841 1 1680541282
149027841 1 1680541283
149027841 1 1680541283
149027841 1 1680541284
149027841 1 1680541284
149027841 1 1680541284
57456191 1 1680541284
149027841 1 1680541284
149027841 1 1680541285
149027841 1 1680541285
149027841 1 1680541285
149027841 1 1680541286
149027841 1 1680541286
57456191 1 1680541286
149027841 1 1680541286
149027841 1 1680541287
149027841 1 1680541287
 1680541289
 1680541291
57456191 0 1680541293
 1680541298
57456191 0 1680541300
57456191 0 1680541302
57456191 0 1680541304
57456191 0 1680541307
57456191 0 1680541309
509657995 1 1680541309
 1680541311
509657995 1 1680541311
509657995 1 1680541313
57456191 0 1680541313
509657995 1 1680541316
57456191 0 1680541316
509657995 1 1680541318
57456191 0 1680541318
509657995 1 1680541320
57456191 0 1680541320
509657995 1 1680541322
57456191 0 1680541322
 1680541322
57456191 0 1680541324
801425166 1 1680541325
 1680541327
801425166 1 1680541327
936357651 1 1680541328
801425166 1 1680541329
57456191 0 1680541329
936357651 1 1680541331
801425166 1 1680541331
57456191 0 1680541331
 1680541333
 1680541333
936357651 1 1680541334
 1680541336
936357651 1 1680541337
936357651 1 1680541340
936357651 1 1680541342
 1680541344
936357651 1 1680541347
 1680541349
936357651 1 1680541352
 1680541354
936357651 1 1680541357
936357651 1 1680541360
936357651 1 1680541363
 1680541365
936357651 1 1680541370
 1680541440
18067770 1 1680541443
18067770 1 1680541445
 1680541447
18067770 1 1680541449
 1680541451
18067770 0 1680541453
498213752 1 1680541460
498213752 1 1680541463
498213752 1 1680541465
498213752 1 1680541467
 1680541469
498213752 1 1680541471
 1680541473
498213752 1 1680541475
498213752 1 1680541477
498213752 1 1680541479
18067770 0 1680541480
498213752 1 1680541482
 1680541482
498213752 1 1680541484
498213752 1 1680541486
 1680541488
498213752 1 1680541490
 1680541493
498213752 1 1680541495
498213752 0 1680541497
148223244 1 1680541581
148223244 1 1680541583
148223244 1 1680541586
148223244 1 1680541588
148223244 1 1680541590
148223244 1 1680541592
 1680541594
 1680541596
148223244 1 1680541598
148223244 1 1680541601
148223244 1 1680541603
148223244 1 1680541605
148223244 1 1680541607
148223244 1 1680541609
148223244 1 1680541611
148223244 1 1680541613
148223244 1 1680541616
 1680541618
148223244 1 1680541620
 1680541622
148223244 0 1680541625
 1680541788
 1680541791
878219049 0 1680541793
878219049 0 1680541812
878219049 0 1680541814
 1680541817
165032298 1 1680542129
165032298 1 1680542131
165032298 1 1680542133
165032298 1 1680542135
165032298 1 1680542137
165032298 1 1680542140
 1680542142
165032298 1 1680542144
130592835 0 1680542154
130592835 0 1680542156
130592835 0 1680542159
130592835 0 1680542161
130592835 0 1680542163
130592835 0 1680542166
130592835 0 1680542168
130592835 0 1680542170
130592835 0 1680542172
797527294 0 1680542174
130592835 0 1680542175
130592835 0 1680542177
797527294 0 1680542177
130592835 0 1680542179
797527294 0 1680542180
 1680542181
797527294 0 1680542183
130592835 0 1680542184
797527294 0 1680542186
130592835 0 1680542186
130592835 0 1680542188
797527294 0 1680542189
 1680542190
797527294 0 1680542192
130592835 0 1680542192
130592835 0 1680542195
797527294 0 1680542195
797527294 0 1680542198
797527294 1 1680542200
130592835 0 1680542206
130592835 0 1680542209
130592835 0 1680542211
130592835 0 1680542214
130592835 0 1680542216
 1680542218
130592835 0 1680542221
 1680542223
130592835 0 1680542225
130592835 0 1680542227
130592835 0 1680542230
130592835 0 1680542232
130592835 0 1680542234
130592835 0 1680542237
130592835 0 1680542239
130592835 0 1680542241
 1680542244
130592835 0 1680542246
 1680542248
130592835 0 1680542250
130592835 0 1680542253
130592835 0 1680542255
130592835 0 1680542257
130592835 0 1680542260
 1680542262
130592835 0 1680542265
 1680542267
130592835 0 1680542269
130592835 0 1680542271
130592835 0 1680542273
130592835 0 1680542276
 1680542278
130592835 0 1680542280
 1680542283
130592835 0 1680542285
130592835 0 1680542287
130592835 0 1680542289
130592835 0 1680542292
130592835 0 1680542294
130592835 0 1680542296
130592835 0 1680542298
 1680542301
130592835 0 1680542303
130592835 0 1680542305
130592835 0 1680542307
130592835 0 1680542310
 1680542312
130592835 0 1680542314
130592835 0 1680542316
 1680542319
130592835 0 1680542321
 1680542323
130592835 0 1680542325
130592835 0 1680542328
 1680542330
130592835 0 1680542332
 1680542334
130592835 0 1680542337
130592835 0 1680542339
220991351 1 1680542583
220991351 1 1680542585
 1680542588
220991351 1 1680542590
220991351 1 1680542592
220991351 0 1680542594
45623086 1 1680542594
45623086 1 1680542595
45623086 1 1680542595
45623086 1 1680542596
45623086 1 1680542596
 1680542596
45623086 1 1680542597
45623086 1 1680542597
45623086 1 1680542598
45623086 1 1680542598
45623086 1 1680542598
220991351 0 1680542598
45623086 1 1680542599
45623086 1 1680542599
45623086 1 1680542600
45623086 1 1680542600
45623086 1 1680542601
220991351 0 1680542601
220991351 1 1680542603
220991351 0 1680542605
220991351 0 1680542607
553392911 0 1680542609
220991351 0 1680542609
553392911 1 1680542611
220991351 1 1680542612
553392911 1 1680542613
220991351 0 1680542614
553392911 0 1680542616
220991351 1 1680542616
553392911 0 1680542618
220991351 1 1680542618
553392911 0 1680542620
553392911 0 1680542622
 1680542625
553392911 0 1680542627
553392911 0 1680542630
553392911 0 1680542633
 1680542635
553392911 0 1680542637
 1680542639
553392911 0 1680542642
553392911 0 1680542644
220991351 1 1680542677
220991351 1 1680542679
71285070 1 1680542681
71285070 1 1680542683
71285070 1 1680542685
130592835 0 1680542686
 1680542687
71285070 1 1680542689
 1680542691
71285070 1 1680542693
71285070 1 1680542696
 1680542698
71285070 0 1680542700
930623791 1 1680542733
 1680542735
930623791 1 1680542737
930623791 1 1680542739
930623791 1 1680542741
930623791 1 1680542743
930623791 1 1680542746
 1680542748
930623791 1 1680542750
930623791 1 1680542752
930623791 1 1680542755
930623791 1 1680542757
 1680542759
930623791 0 1680542761
930623791 0 1680542763
15609548 1 1680542793
15609548 1 1680542795
15609548 1 1680542797
15609548 1 1680542800
15609548 0 1680542802
15609548 0 1680542804
15609548 0 1680542807
15609548 0 1680542809
15609548 0 1680542811
15609548 0 1680542813
15609548 0 1680542816
 1680542818
15609548 0 1680542820
15609548 0 1680542823
 1680542825
930623791 1 1680542825
15609548 0 1680542827
930623791 0 1680542828
 1680542829
496611349 1 1680542857
496611349 1 1680542859
496611349 1 1680542861
496611349 1 1680542863
496611349 1 1680542865
496611349 1 1680542868
930623791 0 1680542868
496611349 1 1680542870
496611349 1 1680542872
496611349 1 1680542874
496611349 1 1680542879
496611349 1 1680542882
 1680542981
559684070 1 1680542983
 1680542986
559684070 1 1680542988
 1680542990
559684070 1 1680542992
559684070 1 1680542995
559684070 1 1680542997
 1680542999
878219049 0 1680543028
878219049 0 1680543518
517102911 1 1680544187
517102911 1 1680544187
517102911 1 1680544188
517102911 1 1680544188
517102911 1 1680544188
517102911 1 1680544189
517102911 1 1680544189
517102911 1 1680544189
517102911 1 1680544190
517102911 1 1680544190
517102911 1 1680544190
517102911 1 1680544191
517102911 1 1680544191
517102911 1 1680544191
517102911 1 1680544192
954012071 1 1680544438
954012071 1 1680544439
954012071 1 1680544439
954012071 1 1680544439
954012071 1 1680544439
954012071 1 1680544440
954012071 1 1680544440
954012071 1 1680544441
954012071 1 1680544441
954012071 1 1680544441
954012071 1 1680544442
954012071 1 1680544443
954012071 1 1680544443
954012071 1 1680544443
954012071 1 1680544444
 1680545438
532670132 1 1680545441
532670132 1 1680545443
532670132 1 1680545445
532670132 1 1680545447
 1680545449
532670132 1 1680545452
532670132 1 1680545454
 1680545455
532670132 1 1680545457
 1680545491
796399348 1 1680545493
796399348 1 1680545495
796399348 1 1680545497
796399348 1 1680545499
796399348 1 1680545501
796399348 1 1680545504
 1680545512
935620304 1 1680545514
935620304 1 1680545517
935620304 1 1680545519
935620304 1 1680545521
935620304 1 1680545523
 1680545525
935620304 1 1680545528
935620304 1 1680545530
 1680545532
935620304 1 1680545534
 1680545536
 1680545539
935620304 1 1680545541
935620304 1 1680545543
 1680545545
935620304 1 1680545547
935620304 1 1680545549
935620304 1 1680545552
935620304 1 1680545554
935620304 1 1680545556
 1680545558
935620304 1 1680545560
935620304 1 1680545563
935620304 1 1680545565
935620304 1 1680545567
 1680545569
935620304 1 1680545572
935620304 1 1680545574
 1680545576
935620304 1 1680545578
 1680545580
935620304 1 1680545583
935620304 1 1680545585
935620304 1 1680545587
935620304 1 1680545589
935620304 1 1680545591
935620304 1 1680545594
935620304 1 1680545596
935620304 1 1680545598
935620304 1 1680545600
 1680545602
935620304 1 1680545605
 1680545607
 1680545609
935620304 1 1680545611
 1680545613
935620304 1 1680545616
935620304 1 1680545618
935620304 1 1680545620
 1680545622
935620304 1 1680545624
935620304 1 1680545627
935620304 1 1680545629
 1680545631
935620304 1 1680545633
935620304 1 1680545635
935620304 1 1680545637
 1680545640
935620304 1 1680545642
935620304 1 1680545644
935620304 1 1680545646
935620304 1 1680545648
 1680545651
935620304 1 1680545653
935620304 1 1680545655
935620304 1 1680545657
935620304 1 1680545659
 1680545661
935620304 1 1680545664
 1680545666
935620304 1 1680545668
935620304 1 1680545670
935620304 1 1680545672
 1680545674
935620304 1 1680545676
 1680545677
155086756 1 1680545679
935620304 1 1680545679
155086756 1 1680545681
935620304 1 1680545681
155086756 1 1680545683
935620304 1 1680545684
155086756 1 1680545685
935620304 1 1680545686
 1680545686
 1680545687
935620304 1 1680545688
222055774 1 1680545689
935620304 1 1680545690
222055774 1 1680545691
155086756 0 1680545692
935620304 1 1680545693
222055774 0 1680545693
935620304 1 1680545695
222055774 0 1680545695
935620304 1 1680545697
222055774 0 1680545698
935620304 1 1680545699
222055774 0 1680545700
935620304 1 1680545701
222055774 0 1680545702
935620304 1 1680545703
222055774 0 1680545705
935620304 1 1680545706
222055774 0 1680545707
 1680545708
222055774 0 1680545709
935620304 1 1680545710
 1680545711
 1680545712
222055774 0 1680545714
935620304 1 1680545715
 1680545716
935620304 1 1680545717
222055774 0 1680545718
935620304 1 1680545719
 1680545721
935620304 1 1680545721
222055774 0 1680545723
935620304 1 1680545723
222055774 0 1680545725
 1680545725
222055774 0 1680545728
935620304 1 1680545728
935620304 1 1680545730
222055774 0 1680545730
935620304 1 1680545732
 1680545734
935620304 1 1680545737
 1680545739
935620304 1 1680545741
935620304 1 1680545743
935620304 1 1680545745
935620304 1 1680545748
 1680545750
935620304 1 1680545752
 1680545754
935620304 1 1680545756
935620304 1 1680545759
 1680545761
935620304 1 1680545763
935620304 1 1680545765
935620304 1 1680545767
935620304 1 1680545769
 1680546051
535630864 1 1680546053
535630864 1 1680546055
535630864 1 1680546057
535630864 1 1680546060
535630864 1 1680546062
535630864 1 1680546064
 1680546066
535630864 1 1680546068
535630864 1 1680546070
535630864 1 1680546073
535630864 1 1680546075
535630864 1 1680546077
535630864 1 1680546079
535630864 1 1680546081
 1680546083
 1680546085
535630864 1 1680546088
 1680546090
 1680546092
535630864 1 1680546094
535630864 1 1680546096
535630864 1 1680546098
 1680546101
535630864 1 1680546103
535630864 1 1680546105
535630864 1 1680546107
 1680546109
535630864 1 1680546112
535630864 1 1680546114
535630864 1 1680546116
 1680546118
535630864 1 1680546120
535630864 1 1680546123
535630864 1 1680546125
535630864 1 1680546127
535630864 1 1680546129
535630864 1 1680546132
 1680546134
535630864 1 1680546136
535630864 1 1680546138
 1680546140
535630864 1 1680546143
535630864 1 1680546145
535630864 1 1680546147
535630864 1 1680546149
535630864 1 1680546151
 1680546154
 1680546157
 1680546159
535630864 0 1680546161
535630864 0 1680546164
535630864 0 1680546166
535630864 0 1680546169
535630864 0 1680546171
535630864 0 1680546173
535630864 0 1680546175
535630864 0 1680546178
535630864 0 1680546180
535630864 0 1680546182
535630864 0 1680546192
535630864 1 1680546194
535630864 1 1680546196
535630864 1 1680546198
 1680546201
535630864 0 1680546203
535630864 0 1680546205
 1680546207
535630864 0 1680546210
535630864 0 1680546212
 1680546214
 1680546216
 1680546219
535630864 0 1680546221
535630864 0 1680546223
 1680546225
535630864 0 1680546228
535630864 0 1680546230
 1680546634
273093524 1 1680546636
273093524 1 1680546638
 1680546640
273093524 1 1680546642
 1680546645
273093524 1 1680546647
 1680546649
273093524 1 1680546651
273093524 0 1680546653
 1680546656
537450297 1 1680546656
537450297 1 1680546659
537450297 1 1680546661
537450297 0 1680546663
537450297 0 1680546666
 1680546668
537450297 0 1680546670
537450297 0 1680546672
537450297 0 1680546675
 1680546677
537450297 0 1680546679
537450297 0 1680546682
 1680546765
 1680546767
960244093 1 1680546770
 1680546772
960244093 1 1680546774
960244093 1 1680546776
960244093 1 1680546779
960244093 1 1680546781
960244093 1 1680546783
960244093 1 1680546785
960244093 1 1680546787
 1680546790
960244093 1 1680546792
960244093 1 1680546794
960244093 1 1680546796
960244093 1 1680546798
960244093 1 1680546800
 1680546803
960244093 1 1680546805
960244093 1 1680546807
960244093 1 1680546809
960244093 1 1680546811
960244093 0 1680546814
960244093 1 1680546816
537450297 0 1680546843
 1680546953
491545855 0 1680546956
491545855 0 1680546958
491545855 0 1680546960
491545855 0 1680546962
491545855 0 1680546964
491545855 0 1680546966
491545855 0 1680546969
491545855 0 1680546971
491545855 0 1680546973
491545855 0 1680546975
491545855 0 1680546978
 1680546978
 1680546980
397934922 1 1680547019
397934922 1 1680547021
397934922 1 1680547023
 1680547026
 1680547028
397934922 1 1680547030
 1680547030
885162380 1 1680547032
885162380 0 1680547034
 1680547035
885162380 0 1680547037
885162380 1 1680547037
885162380 0 1680547039
885162380 1 1680547039
885162380 0 1680547041
885162380 0 1680547041
885162380 0 1680547043
885162380 0 1680547044
537450297 0 1680547048
537450297 1 1680547050
537450297 1 1680547052
108168751 1 1680547138
108168751 0 1680547141
108168751 0 1680547143
 1680547145
 1680547147
108168751 1 1680547149
108168751 0 1680547151
108168751 1 1680547154
108168751 0 1680547154
 1680547156
108168751 0 1680547156
108168751 1 1680547158
108168751 0 1680547158
 1680547160
108168751 0 1680547161
108168751 1 1680547162
108168751 0 1680547163
108168751 1 1680547164
108168751 1 1680547165
885162380 0 1680547198
 1680547200
885162380 0 1680547200
885162380 0 1680547202
885162380 0 1680547203
885162380 0 1680547204
235612505 1 1680547642
 1680547644
235612505 1 1680547646
235612505 1 1680547649
235612505 1 1680547651
 1680548585
308205372 1 1680548588
 1680548590
308205372 1 1680548592
308205372 0 1680548595
308205372 0 1680548633
 1680548635
308205372 1 1680548638
308205372 1 1680548640
308205372 1 1680548642
308205372 1 1680548644
308205372 1 1680548647
308205372 1 1680548649
308205372 1 1680548651
308205372 1 1680548653
 1680548656
 1680548665
199414726 1 1680548667
199414726 0 1680548670
 1680548994
730470622 0 1680548996
821363456 1 1680549600
821363456 1 1680549602
821363456 1 1680549605
821363456 1 1680549607
821363456 1 1680549609
 1680549864
870347297 0 1680549866
333458777 0 1680550122
333458777 0 1680550124
333458777 0 1680550126
 1680550128
333458777 0 1680550131
 1680550133
390425472 1 1680550523
390425472 1 1680550525
390425472 1 1680550527
390425472 1 1680550529
390425472 1 1680550531
390425472 1 1680550535
 1680550655
 1680550657
782269343 1 1680550660
 1680550662
782269343 1 1680550664
782269343 0 1680550666
859489681 1 1680550667
 1680550669
 1680550671
 1680552587
289069315 1 1680552589
289069315 1 1680552591
78526218 1 1680552672
78526218 0 1680552674
78526218 0 1680552677
78526218 0 1680552679
78526218 0 1680552682
78526218 0 1680552684
870347297 1 1680553539
 1680553541
197734912 1 1680553653
197734912 1 1680553653
197734912 1 1680553653
197734912 1 1680553654
197734912 1 1680553654
197734912 1 1680553655
197734912 1 1680553656
197734912 1 1680553656
197734912 1 1680553656
197734912 1 1680553657
197734912 1 1680553657
197734912 1 1680553657
197734912 1 1680553658
197734912 1 1680553658
197734912 1 1680553658
104216740 1 1680554169
104216740 1 1680554171
 1680554706
 1680554709
226156968 1 1680554711
226156968 1 1680554713
226156968 1 1680554715
285388471 1 1680554826
285388471 1 1680554828
285388471 1 1680554830
285388471 1 1680554831
 1680554833
285388471 0 1680554835
285388471 0 1680554838
285388471 0 1680554840
285388471 0 1680554842
285388471 0 1680554845
285388471 0 1680554847
285388471 0 1680554849
285388471 0 1680554851
285388471 0 1680554854
285388471 0 1680554856
285388471 0 1680554858
 1680554861
285388471 0 1680554863
285388471 0 1680554990
89777775 1 1680556286
 1680556288
89777775 1 1680556290
532054813 1 1680556703
 1680556705
 1680556707
532054813 1 1680556709
 1680556711
532054813 1 1680556714
 1680556716
532054813 1 1680556718
532054813 1 1680556720
 1680556723
487153138 1 1680557222
487153138 1 1680557224
487153138 1 1680557226
487153138 1 1680557228
487153138 1 1680557230
487153138 1 1680557232
487153138 1 1680557234
 1680557237
487153138 1 1680557239
487153138 1 1680557241
487153138 1 1680557243
487153138 1 1680557245
487153138 1 1680557247
817586153 1 1680557317
817586153 1 1680557319
817586153 1 1680557321
817586153 1 1680557323
817586153 1 1680557326
817586153 1 1680557328
817586153 1 1680557330
817586153 1 1680557332
817586153 1 1680557334
817586153 1 1680557336
817586153 1 1680557338
817586153 1 1680557340
817586153 1 1680557343
817586153 1 1680557345
817586153 1 1680557347
817586153 1 1680557349
870347297 1 1680559615
870347297 0 1680559617
16512911 1 1680560860
16512911 1 1680560860
16512911 1 1680560860
16512911 1 1680560861
16512911 1 1680560861
16512911 1 1680560862
16512911 1 1680560862
16512911 1 1680560862
16512911 1 1680560863
16512911 1 1680560863
16512911 1 1680560863
16512911 1 1680560864
16512911 1 1680560864
16512911 1 1680560864
16512911 1 1680560865
 1680561999
278708721 1 1680562002
15609548 0 1680563811
15609548 0 1680563814
15609548 0 1680563816
15609548 0 1680563818
15609548 0 1680563820
15609548 0 1680563823
15609548 0 1680563825
15609548 0 1680563827
15609548 0 1680563830
15609548 0 1680563832
15609548 0 1680563834
15609548 0 1680563837
 1680563839
15609548 0 1680563841
15609548 0 1680563843
15609548 0 1680563846
15609548 0 1680563848
15609548 0 1680563850
15609548 0 1680563852
15609548 0 1680563854
15609548 0 1680563856
15609548 0 1680563859
 1680563861
15609548 0 1680563863
15609548 0 1680563865
15609548 0 1680563868
15609548 0 1680563870
15609548 0 1680563872
15609548 0 1680563874
15609548 0 1680563877
15609548 0 1680563879
15609548 0 1680563882
15609548 0 1680563884
15609548 0 1680563886
15609548 0 1680563888
15609548 0 1680563891
15609548 0 1680563893
15609548 0 1680563895
15609548 0 1680563898
15609548 0 1680563900
15609548 0 1680563902
15609548 0 1680563904
15609548 0 1680563907
15609548 0 1680563909
15609548 0 1680563911
15609548 0 1680563913
15609548 0 1680563916
15609548 0 1680563918
15609548 0 1680563920
15609548 0 1680563922
15609548 0 1680563925
15609548 0 1680563927
15609548 0 1680563929
15609548 0 1680563932
15609548 0 1680563934
15609548 0 1680563936
15609548 0 1680563938
15609548 0 1680563941
15609548 0 1680563943
 1680563945
15609548 0 1680563947
15609548 0 1680563950
15609548 0 1680563952
15609548 0 1680563954
15609548 0 1680563956
15609548 0 1680563959
15609548 0 1680563961
15609548 0 1680563963
15609548 0 1680563965
15609548 0 1680563968
15609548 0 1680563970
15609548 0 1680563972
15609548 0 1680563975
 1680563977
15609548 0 1680563979
15609548 0 1680563981
15609548 0 1680563984
15609548 0 1680563986
15609548 0 1680563988
15609548 0 1680563991
15609548 0 1680563993
15609548 0 1680563995
15609548 0 1680563998
15609548 0 1680564000
15609548 0 1680564002
15609548 0 1680564004
15609548 0 1680564007
15609548 0 1680564009
15609548 0 1680564011
878219049 1 1680564012
15609548 0 1680564014
878219049 0 1680564014
15609548 0 1680564016
15609548 0 1680564018
15609548 0 1680564020
15609548 0 1680564022
15609548 0 1680564025
15609548 0 1680564027
15609548 0 1680564029
15609548 0 1680564031
15609548 0 1680564034
15609548 0 1680564036
15609548 0 1680564038
 1680564040
15609548 0 1680564043
15609548 0 1680564045
15609548 0 1680564047
15609548 0 1680564049
15609548 0 1680564051
15609548 0 1680564054
15609548 0 1680564056
15609548 0 1680564058
15609548 0 1680564061
15609548 0 1680564063
15609548 0 1680564065
15609548 0 1680564068
15609548 0 1680564070
15609548 0 1680564072
15609548 0 1680564074
15609548 0 1680564077
15609548 0 1680564079
 1680564081
15609548 0 1680564083
15609548 0 1680564085
15609548 0 1680564088
15609548 0 1680564090
15609548 0 1680564092
15609548 0 1680564095
15609548 0 1680564097
15609548 0 1680564099
15609548 0 1680564101
15609548 0 1680564104
15609548 0 1680564106
15609548 0 1680564108
15609548 0 1680564110
15609548 0 1680564113
15609548 0 1680564115
15609548 0 1680564117
15609548 0 1680564119
15609548 0 1680564122
15609548 0 1680564124
 1680564126
15609548 0 1680564128
15609548 0 1680564131
15609548 0 1680564133
15609548 0 1680564135
15609548 0 1680564137
15609548 0 1680564140
15609548 0 1680564142
15609548 0 1680564144
 1680564146
15609548 0 1680564149
 1680564151
15609548 0 1680564153
15609548 0 1680564155
15609548 0 1680564158
15609548 0 1680564160
15609548 0 1680564162
15609548 0 1680564164
15609548 0 1680564167
15609548 0 1680564169
15609548 0 1680564171
15609548 0 1680564173
15609548 0 1680564176
15609548 0 1680564178
15609548 0 1680564180
15609548 0 1680564182
15609548 0 1680564185
15609548 0 1680564187
15609548 0 1680564189
15609548 0 1680564191
15609548 0 1680564194
15609548 0 1680564196
15609548 0 1680564198
15609548 0 1680564200
15609548 0 1680564202
15609548 0 1680564205
15609548 0 1680564207
15609548 0 1680564209
15609548 0 1680564211
15609548 0 1680564214
 1680564216
15609548 0 1680564218
15609548 0 1680564220
15609548 0 1680564223
 1680564225
15609548 0 1680564227
15609548 0 1680564229
15609548 0 1680564232
15609548 0 1680564234
15609548 0 1680564236
15609548 0 1680564239
15609548 0 1680564241
15609548 0 1680564243
15609548 0 1680564245
15609548 0 1680564248
15609548 0 1680564250
15609548 0 1680564252
15609548 0 1680564255
15609548 0 1680564257
15609548 0 1680564259
15609548 0 1680564261
15609548 0 1680564264
15609548 0 1680564266
15609548 0 1680564268
15609548 0 1680564270
15609548 0 1680564273
15609548 0 1680564275
15609548 0 1680564277
15609548 0 1680564279
15609548 0 1680564282
15609548 0 1680564284
15609548 0 1680564286
 1680564289
15609548 0 1680564291
15609548 0 1680564293
15609548 0 1680564295
15609548 0 1680564298
15609548 0 1680564300
15609548 0 1680564302
15609548 0 1680564305
15609548 0 1680564307
15609548 0 1680564309
15609548 0 1680564311
15609548 0 1680564314
15609548 0 1680564316
15609548 0 1680564318
15609548 0 1680564320
15609548 0 1680564323
15609548 0 1680564325
15609548 0 1680564327
 1680564329
15609548 0 1680564332
15609548 0 1680564334
15609548 0 1680564336
15609548 0 1680564339
15609548 0 1680564341
15609548 0 1680564343
 1680564345
15609548 0 1680564348
15609548 0 1680564350
15609548 0 1680564352
15609548 0 1680564355
 1680564357
15609548 0 1680564359
15609548 0 1680564361
15609548 0 1680564363
15609548 0 1680564366
15609548 0 1680564368
15609548 0 1680564370
15609548 0 1680564373
15609548 0 1680564375
15609548 0 1680564377
15609548 0 1680564379
15609548 0 1680564382
15609548 0 1680564384
15609548 0 1680564386
15609548 0 1680564389
380768708 1 1680564390
15609548 0 1680564391
839269754 1 1680564392
380768708 1 1680564392
839269754 1 1680564392
839269754 1 1680564392
839269754 1 1680564393
15609548 0 1680564393
839269754 1 1680564393
839269754 1 1680564393
839269754 1 1680564394
839269754 1 1680564394
380768708 1 1680564394
839269754 1 1680564394
839269754 1 1680564395
839269754 1 1680564395
15609548 0 1680564395
839269754 1 1680564395
839269754 1 1680564396
839269754 1 1680564396
380768708 1 1680564396
839269754 1 1680564396
15609548 0 1680564397
 1680564398
15609548 0 1680564400
380768708 1 1680564400
15609548 0 1680564402
380768708 0 1680564403
15609548 0 1680564404
649914309 1 1680564405
 1680564406
649914309 1 1680564407
380768708 0 1680564407
380768708 0 1680564408
15609548 0 1680564409
649914309 0 1680564409
 1680564409
380768708 1 1680564410
15609548 0 1680564411
649914309 0 1680564411
380768708 0 1680564412
380768708 0 1680564412
15609548 0 1680564413
380768708 0 1680564414
15609548 0 1680564415
15609548 0 1680564417
15609548 0 1680564420
15609548 0 1680564422
15609548 0 1680564424
15609548 0 1680564426
15609548 0 1680564429
15609548 0 1680564431
 1680564433
15609548 0 1680564435
15609548 0 1680564438
15609548 0 1680564440
15609548 0 1680564442
15609548 0 1680564444
15609548 0 1680564447
15609548 0 1680564449
15609548 0 1680564451
15609548 0 1680564453
15609548 0 1680564456
15609548 0 1680564458
15609548 0 1680564460
15609548 0 1680564463
15609548 0 1680564465
15609548 0 1680564467
15609548 0 1680564469
15609548 0 1680564472
15609548 0 1680564474
15609548 0 1680564476
15609548 0 1680564479
15609548 0 1680564481
15609548 0 1680564483
 1680564485
15609548 0 1680564488
15609548 0 1680564490
15609548 0 1680564492
15609548 0 1680564494
15609548 0 1680564497
15609548 0 1680564499
15609548 0 1680564501
15609548 0 1680564503
15609548 0 1680564506
15609548 0 1680564508
15609548 0 1680564510
15609548 0 1680564513
15609548 0 1680564515
15609548 0 1680564517
15609548 0 1680564519
15609548 0 1680564521
15609548 0 1680564524
15609548 0 1680564526
15609548 0 1680564528
15609548 0 1680564531
15609548 0 1680564533
15609548 0 1680564535
15609548 0 1680564537
15609548 0 1680564540
15609548 0 1680564542
15609548 0 1680564544
15609548 0 1680564546
15609548 0 1680564549
 1680564551
15609548 0 1680564553
15609548 0 1680564555
15609548 0 1680564558
15609548 0 1680564560
15609548 0 1680564562
15609548 0 1680564564
15609548 0 1680564567
15609548 0 1680564569
15609548 0 1680564571
15609548 0 1680564573
15609548 0 1680564576
15609548 0 1680564578
15609548 0 1680564580
15609548 0 1680564582
15609548 0 1680564585
15609548 0 1680564587
15609548 0 1680564589
15609548 0 1680564591
15609548 0 1680564594
15609548 0 1680564596
 1680564597
15609548 0 1680564598
665453326 1 1680564599
15609548 0 1680564601
665453326 1 1680564601
15609548 0 1680564603
665453326 1 1680564603
15609548 0 1680564605
665453326 1 1680564605
903591711 1 1680564606
15609548 0 1680564607
665453326 0 1680564607
 1680564608
15609548 0 1680564609
665453326 0 1680564610
903591711 1 1680564611
15609548 0 1680564612
665453326 0 1680564612
903591711 1 1680564613
15609548 0 1680564614
665453326 0 1680564614
 1680564615
15609548 0 1680564616
665453326 0 1680564616
903591711 1 1680564617
 1680564618
665453326 0 1680564619
903591711 1 1680564619
15609548 0 1680564620
665453326 0 1680564621
903591711 1 1680564621
15609548 0 1680564623
665453326 0 1680564623
903591711 1 1680564623
15609548 0 1680564625
665453326 0 1680564625
 1680564626
15609548 0 1680564627
15609548 0 1680564630
15609548 0 1680564632
15609548 0 1680564634
 1680564636
15609548 0 1680564639
15609548 0 1680564641
15609548 0 1680564643
15609548 0 1680564645
15609548 0 1680564648
15609548 0 1680564650
15609548 0 1680564652
15609548 0 1680564654
15609548 0 1680564657
15609548 0 1680564659
15609548 0 1680564661
15609548 0 1680564663
15609548 0 1680564665
15609548 0 1680564668
15609548 0 1680564670
15609548 0 1680564672
15609548 0 1680564674
15609548 0 1680564677
15609548 0 1680564679
15609548 0 1680564681
15609548 0 1680564683
15609548 0 1680564686
15609548 0 1680564688
15609548 0 1680564690
15609548 0 1680564692
691095946 1 1680564693
15609548 0 1680564695
15609548 0 1680564697
15609548 0 1680564699
15609548 0 1680564701
15609548 0 1680564704
15609548 0 1680564706
15609548 0 1680564709
15609548 0 1680564711
15609548 0 1680564713
15609548 0 1680564715
15609548 0 1680564718
15609548 0 1680564720
15609548 0 1680564723
15609548 0 1680564725
15609548 0 1680564727
15609548 0 1680564729
15609548 0 1680564732
15609548 0 1680564734
15609548 0 1680564736
15609548 0 1680564739
15609548 0 1680564741
15609548 0 1680564743
 1680564745
15609548 0 1680564748
15609548 0 1680564750
15609548 0 1680564752
15609548 0 1680564754
15609548 0 1680564757
15609548 0 1680564759
15609548 0 1680564761
15609548 0 1680564764
15609548 0 1680564766
15609548 0 1680564768
15609548 0 1680564770
15609548 0 1680564773
 1680564775
15609548 0 1680564777
15609548 0 1680564779
15609548 0 1680564782
15609548 0 1680564784
15609548 0 1680564786
15609548 0 1680564789
15609548 0 1680564791
15609548 0 1680564793
15609548 0 1680564795
15609548 0 1680564798
15609548 0 1680564800
15609548 0 1680564802
15609548 0 1680564804
 1680564807
15609548 0 1680564809
15609548 0 1680564811
15609548 0 1680564813
15609548 0 1680564816
 1680564818
15609548 0 1680564820
15609548 0 1680564822
15609548 0 1680564824
15609548 0 1680564827
 1680564829
15609548 0 1680564831
15609548 0 1680564833
 1680564836
15609548 0 1680564838
15609548 0 1680564840
 1680564842
15609548 0 1680564845
15609548 0 1680564847
15609548 0 1680564849
15609548 0 1680564851
15609548 0 1680564854
15609548 0 1680564856
15609548 0 1680564858
15609548 0 1680564861
15609548 0 1680564863
 1680564865
15609548 0 1680564867
15609548 0 1680564870
15609548 0 1680564872
15609548 0 1680564874
15609548 0 1680564877
15609548 0 1680564879
15609548 0 1680564881
 1680564883
15609548 0 1680564886
15609548 0 1680564888
15609548 0 1680564890
15609548 0 1680564892
15609548 0 1680564895
15609548 0 1680564897
15609548 0 1680564899
15609548 0 1680564901
15609548 0 1680564904
15609548 0 1680564906
15609548 0 1680564908
15609548 0 1680564910
15609548 0 1680564913
15609548 0 1680564915
15609548 0 1680564917
15609548 0 1680564920
15609548 0 1680564922
15609548 0 1680564924
 1680564926
15609548 0 1680564929
15609548 0 1680564931
15609548 0 1680564933
15609548 0 1680564935
15609548 0 1680564938
15609548 0 1680564940
15609548 0 1680564942
 1680564944
 1680564947
15609548 0 1680564949
15609548 0 1680564951
15609548 0 1680564953
15609548 0 1680564956
15609548 0 1680564958
15609548 0 1680564960
950478149 1 1680564960
15609548 0 1680564962
950478149 1 1680564962
15609548 0 1680564964
950478149 1 1680564965
15609548 0 1680564967
950478149 1 1680564967
 1680564969
 1680564969
950478149 1 1680564971
15609548 0 1680564971
950478149 1 1680564973
15609548 0 1680564973
950478149 1 1680564976
15609548 0 1680564976
950478149 1 1680564978
15609548 0 1680564978
950478149 0 1680564980
15609548 0 1680564980
15609548 0 1680564982
 1680564984
15609548 0 1680564987
15609548 0 1680564989
15609548 0 1680564991
15609548 0 1680564994
15609548 0 1680564996
15609548 0 1680564998
15609548 0 1680565000
15609548 0 1680565003
15609548 0 1680565005
15609548 0 1680565007
15609548 0 1680565009
15609548 0 1680565012
15609548 0 1680565014
15609548 0 1680565016
 1680565018
15609548 0 1680565021
15609548 0 1680565023
15609548 0 1680565025
15609548 0 1680565027
15609548 0 1680565030
15609548 0 1680565032
15609548 0 1680565034
15609548 0 1680565036
15609548 0 1680565039
15609548 0 1680565041
15609548 0 1680565043
15609548 0 1680565045
15609548 0 1680565048
15609548 0 1680565050
15609548 0 1680565052
15609548 0 1680565054
15609548 0 1680565056
15609548 0 1680565059
15609548 0 1680565061
15609548 0 1680565063
15609548 0 1680565066
15609548 0 1680565068
15609548 0 1680565070
15609548 0 1680565072
720263235 1 1680565074
15609548 0 1680565075
720263235 1 1680565076
15609548 0 1680565077
15609548 0 1680565079
15609548 0 1680565081
15609548 0 1680565084
15609548 0 1680565086
15609548 0 1680565088
 1680565090
15609548 0 1680565093
15609548 0 1680565095
15609548 0 1680565097
15609548 0 1680565100
15609548 0 1680565102
15609548 0 1680565104
15609548 0 1680565106
15609548 0 1680565109
15609548 0 1680565111
15609548 0 1680565113
15609548 0 1680565116
15609548 0 1680565118
15609548 0 1680565120
 1680565122
15609548 0 1680565125
15609548 0 1680565127
15609548 0 1680565129
15609548 0 1680565131
15609548 0 1680565134
15609548 0 1680565136
15609548 0 1680565138
15609548 0 1680565140
15609548 0 1680565143
15609548 0 1680565145
15609548 0 1680565147
15609548 0 1680565149
15609548 0 1680565151
15609548 0 1680565154
15609548 0 1680565156
15609548 0 1680565158
15609548 0 1680565160
15609548 0 1680565163
15609548 0 1680565165
15609548 0 1680565167
 1680565170
15609548 0 1680565172
 1680565173
15609548 0 1680565174
667900556 1 1680565175
 1680565176
667900556 1 1680565178
15609548 0 1680565179
667900556 1 1680565180
15609548 0 1680565181
667900556 1 1680565182
15609548 0 1680565183
667900556 1 1680565184
15609548 0 1680565185
667900556 1 1680565186
15609548 0 1680565187
667900556 1 1680565188
15609548 0 1680565190
667900556 1 1680565191
15609548 0 1680565192
667900556 1 1680565193
15609548 0 1680565194
667900556 0 1680565195
440382460 1 1680565196
15609548 0 1680565196
667900556 0 1680565197
 1680565198
15609548 0 1680565199
 1680565199
440382460 1 1680565200
15609548 0 1680565201
440382460 0 1680565202
15609548 0 1680565203
 1680565205
15609548 0 1680565205
440382460 0 1680565207
15609548 0 1680565208
440382460 0 1680565209
15609548 0 1680565210
440382460 0 1680565211
15609548 0 1680565212
440382460 0 1680565213
15609548 0 1680565214
750424913 1 1680565215
440382460 0 1680565216
15609548 0 1680565217
750424913 1 1680565217
440382460 0 1680565218
15609548 0 1680565219
750424913 1 1680565219
440382460 0 1680565220
15609548 0 1680565221
750424913 1 1680565221
440382460 0 1680565222
15609548 0 1680565223
750424913 1 1680565223
750424913 1 1680565224
440382460 0 1680565225
15609548 0 1680565226
 1680565226
440382460 0 1680565227
15609548 0 1680565228
750424913 0 1680565228
440382460 0 1680565229
15609548 0 1680565230
15609548 0 1680565232
15609548 0 1680565235
15609548 0 1680565237
15609548 0 1680565239
15609548 0 1680565241
15609548 0 1680565244
15609548 0 1680565246
 1680565248
15609548 0 1680565250
 1680565253
15609548 0 1680565255
15609548 0 1680565257
15609548 0 1680565259
15609548 0 1680565262
15609548 0 1680565264
15609548 0 1680565266
15609548 0 1680565268
15609548 0 1680565271
15609548 0 1680565273
15609548 0 1680565275
15609548 0 1680565278
15609548 0 1680565280
15609548 0 1680565282
 1680565284
15609548 0 1680565287
15609548 0 1680565289
15609548 0 1680565291
 1680565293
15609548 0 1680565296
15609548 0 1680565298
15609548 0 1680565300
15609548 0 1680565303
15609548 0 1680565305
15609548 0 1680565307
15609548 0 1680565310
15609548 0 1680565312
15609548 0 1680565314
15609548 0 1680565316
15609548 0 1680565318
15609548 0 1680565321
15609548 0 1680565323
15609548 0 1680565325
15609548 0 1680565327
15609548 0 1680565330
15609548 0 1680565332
15609548 0 1680565334
15609548 0 1680565336
15609548 0 1680565339
15609548 0 1680565341
 1680565343
15609548 0 1680565345
15609548 0 1680565348
15609548 0 1680565350
15609548 0 1680565352
 1680565354
15609548 0 1680565357
15609548 0 1680565359
15609548 0 1680565361
15609548 0 1680565363
15609548 0 1680565366
15609548 0 1680565368
15609548 0 1680565370
15609548 0 1680565373
15609548 0 1680565375
15609548 0 1680565378
15609548 0 1680565380
15609548 0 1680565382
15609548 0 1680565385
 1680565387
15609548 0 1680565389
15609548 0 1680565391
15609548 0 1680565394
15609548 0 1680565396
 1680565399
15609548 0 1680565401
15609548 0 1680565403
15609548 0 1680565405
15609548 0 1680565408
15609548 0 1680565410
15609548 0 1680565413
15609548 0 1680565415
15609548 0 1680565417
15609548 0 1680565419
15609548 0 1680565422
15609548 0 1680565424
15609548 0 1680565426
15609548 0 1680565429
15609548 0 1680565431
15609548 0 1680565434
15609548 0 1680565436
15609548 0 1680565438
15609548 0 1680565440
15609548 0 1680565443
15609548 0 1680565445
15609548 0 1680565447
15609548 0 1680565450
15609548 0 1680565452
15609548 0 1680565454
15609548 0 1680565456
15609548 0 1680565459
15609548 0 1680565461
15609548 0 1680565463
15609548 0 1680565465
15609548 0 1680565468
15609548 0 1680565470
15609548 0 1680565472
 1680565474
15609548 0 1680565477
15609548 0 1680565479
15609548 0 1680565481
15609548 0 1680565484
15609548 0 1680565486
15609548 0 1680565488
15609548 0 1680565491
15609548 0 1680565493
15609548 0 1680565495
15609548 0 1680565497
15609548 0 1680565500
15609548 0 1680565502
15609548 0 1680565504
15609548 0 1680565506
 1680565509
15609548 0 1680565511
15609548 0 1680565513
15609548 0 1680565516
15609548 0 1680565518
15609548 0 1680565520
 1680565523
15609548 0 1680565525
15609548 0 1680565527
15609548 0 1680565529
15609548 0 1680565532
15609548 0 1680565534
15609548 0 1680565536
 1680565538
15609548 0 1680565541
15609548 0 1680565543
15609548 0 1680565545
15609548 0 1680565547
15609548 0 1680565550
15609548 0 1680565552
15609548 0 1680565554
15609548 0 1680565556
 1680565559
15609548 0 1680565561
15609548 0 1680565563
15609548 0 1680565566
15609548 0 1680565568
15609548 0 1680565570
15609548 0 1680565572
15609548 0 1680565575
163865255 1 1680565575
15609548 0 1680565577
163865255 1 1680565577
15609548 0 1680565579
163865255 1 1680565579
163865255 1 1680565581
15609548 0 1680565581
163865255 1 1680565583
15609548 0 1680565584
163865255 1 1680565586
15609548 0 1680565586
163865255 1 1680565588
15609548 0 1680565588
163865255 1 1680565590
15609548 0 1680565590
163865255 1 1680565592
 1680565593
163865255 1 1680565594
15609548 0 1680565595
163865255 1 1680565597
15609548 0 1680565597
163865255 1 1680565599
15609548 0 1680565599
163865255 1 1680565601
15609548 0 1680565602
163865255 1 1680565604
15609548 0 1680565604
 1680565606
15609548 0 1680565606
163865255 1 1680565608
15609548 0 1680565608
 1680565610
15609548 0 1680565611
163865255 1 1680565612
15609548 0 1680565613
 1680565615
15609548 0 1680565615
163865255 1 1680565617
15609548 0 1680565617
163865255 1 1680565619
15609548 0 1680565620
163865255 1 1680565621
15609548 0 1680565622
163865255 1 1680565623
15609548 0 1680565624
163865255 1 1680565626
15609548 0 1680565626
163865255 1 1680565628
15609548 0 1680565628
163865255 1 1680565630
 1680565631
163865255 1 1680565632
15609548 0 1680565633
163865255 1 1680565634
15609548 0 1680565635
163865255 1 1680565636
15609548 0 1680565637
163865255 1 1680565639
15609548 0 1680565640
163865255 1 1680565641
15609548 0 1680565642
163865255 1 1680565643
15609548 0 1680565644
163865255 1 1680565645
15609548 0 1680565646
 1680565647
15609548 0 1680565649
163865255 1 1680565650
15609548 0 1680565651
163865255 1 1680565652
15609548 0 1680565653
163865255 1 1680565654
15609548 0 1680565655
163865255 1 1680565657
15609548 0 1680565657
163865255 1 1680565659
15609548 0 1680565660
163865255 1 1680565661
15609548 0 1680565662
163865255 1 1680565663
15609548 0 1680565664
163865255 1 1680565665
 1680565666
163865255 1 1680565668
15609548 0 1680565669
163865255 1 1680565670
15609548 0 1680565671
163865255 1 1680565672
15609548 0 1680565673
 1680565674
15609548 0 1680565675
163865255 1 1680565676
15609548 0 1680565678
163865255 1 1680565679
15609548 0 1680565680
163865255 1 1680565681
15609548 0 1680565682
163865255 1 1680565683
15609548 0 1680565684
163865255 1 1680565685
15609548 0 1680565687
163865255 1 1680565687
 1680565689
163865255 1 1680565689
15609548 0 1680565691
 1680565692
15609548 0 1680565693
163865255 1 1680565694
15609548 0 1680565696
163865255 1 1680565696
15609548 0 1680565698
163865255 1 1680565698
15609548 0 1680565700
163865255 1 1680565700
15609548 0 1680565702
163865255 1 1680565703
15609548 0 1680565704
163865255 1 1680565705
15609548 0 1680565707
163865255 1 1680565707
15609548 0 1680565709
163865255 1 1680565709
15609548 0 1680565711
163865255 1 1680565711
15609548 0 1680565713
163865255 1 1680565714
15609548 0 1680565715
163865255 1 1680565716
15609548 0 1680565718
163865255 1 1680565718
15609548 0 1680565720
163865255 1 1680565720
15609548 0 1680565722
163865255 0 1680565722
15609548 0 1680565724
163865255 0 1680565725
15609548 0 1680565727
163865255 0 1680565727
15609548 0 1680565729
163865255 0 1680565729
15609548 0 1680565731
163865255 0 1680565731
15609548 0 1680565733
163865255 0 1680565733
15609548 0 1680565736
163865255 0 1680565736
15609548 0 1680565738
163865255 0 1680565738
15609548 0 1680565740
 1680565740
15609548 0 1680565742
163865255 0 1680565743
15609548 0 1680565745
163865255 0 1680565745
15609548 0 1680565747
163865255 0 1680565747
15609548 0 1680565749
163865255 0 1680565749
15609548 0 1680565751
15609548 0 1680565753
15609548 0 1680565756
15609548 0 1680565758
15609548 0 1680565760
 1680565762
15609548 0 1680565765
15609548 0 1680565767
15609548 0 1680565769
15609548 0 1680565771
15609548 0 1680565773
15609548 0 1680565776
15609548 0 1680565778
15609548 0 1680565780
15609548 0 1680565782
15609548 0 1680565785
15609548 0 1680565787
15609548 0 1680565789
15609548 0 1680565791
15609548 0 1680565794
15609548 0 1680565796
15609548 0 1680565798
15609548 0 1680565800
15609548 0 1680565803
15609548 0 1680565805
15609548 0 1680565807
15609548 0 1680565809
15609548 0 1680565812
15609548 0 1680565814
15609548 0 1680565816
15609548 0 1680565818
15609548 0 1680565821
15609548 0 1680565823
15609548 0 1680565825
15609548 0 1680565827
15609548 0 1680565830
15609548 0 1680565832
15609548 0 1680565834
 1680565837
15609548 0 1680565839
15609548 0 1680565841
15609548 0 1680565843
15609548 0 1680565846
15609548 0 1680565848
15609548 0 1680565850
15609548 0 1680565852
15609548 0 1680565855
15609548 0 1680565857
15609548 0 1680565859
15609548 0 1680565861
15609548 0 1680565864
15609548 0 1680565866
15609548 0 1680565868
15609548 0 1680565870
15609548 0 1680565872
15609548 0 1680565875
15609548 0 1680565877
15609548 0 1680565879
15609548 0 1680565881
15609548 0 1680565884
15609548 0 1680565886
15609548 0 1680565888
15609548 0 1680565891
15609548 0 1680565893
 1680565895
15609548 0 1680565897
15609548 0 1680565900
15609548 0 1680565902
15609548 0 1680565904
15609548 0 1680565906
15609548 0 1680565909
15609548 0 1680565911
15609548 0 1680565913
15609548 0 1680565916
15609548 0 1680565918
15609548 0 1680565920
15609548 0 1680565922
15609548 0 1680565925
15609548 0 1680565927
15609548 0 1680565929
15609548 0 1680565931
15609548 0 1680565934
15609548 0 1680565936
15609548 0 1680565938
15609548 0 1680565940
15609548 0 1680565943
15609548 0 1680565945
 1680566493
701633533 1 1680566495
701633533 1 1680566497
701633533 1 1680566499
701633533 1 1680566501
701633533 1 1680566503
 1680567428
333458777 0 1680567428
333458777 0 1680567429
333458777 0 1680567430
333458777 0 1680567430
 1680567430
333458777 0 1680567430
333458777 0 1680567431
333458777 0 1680567432
333458777 0 1680567432
 1680567433
333458777 0 1680567433
78526218 1 1680567476
78526218 1 1680567478
691095946 1 1680568202
691095946 1 1680568204
691095946 1 1680568206
691095946 0 1680568208
872098079 1 1680568254
 1680568256
 1680568258
872098079 1 1680568261
872098079 1 1680568263
 1680568265
872098079 1 1680568267
 1680568270
 1680568601
143296924 0 1680568603
143296924 0 1680568605
143296924 0 1680568608
143296924 0 1680568610
143296924 0 1680568612
143296924 0 1680568614
143296924 0 1680568616
143296924 0 1680568619
143296924 0 1680568621
143296924 0 1680568623
143296924 0 1680568625
143296924 0 1680568627
143296924 0 1680568630
143296924 0 1680568632
143296924 0 1680568634
143296924 0 1680568636
143296924 0 1680568639
143296924 0 1680568641
143296924 0 1680568643
143296924 0 1680568646
143296924 0 1680568648
 1680568650
143296924 0 1680568653
 1680568655
143296924 0 1680568657
143296924 0 1680568660
143296924 0 1680568662
143296924 0 1680568664
143296924 0 1680568666
 1680568669
143296924 0 1680568671
143296924 0 1680568673
143296924 0 1680568675
143296924 0 1680568678
143296924 0 1680568680
143296924 0 1680568682
143296924 0 1680568685
143296924 0 1680568687
143296924 0 1680568689
143296924 0 1680568691
143296924 0 1680568694
143296924 0 1680568696
143296924 0 1680568698
143296924 0 1680568701
143296924 0 1680568703
143296924 0 1680568705
143296924 0 1680568707
143296924 0 1680568709
143296924 0 1680568712
143296924 0 1680568714
143296924 0 1680568716
143296924 0 1680568718
143296924 0 1680568721
143296924 0 1680568723
143296924 0 1680568725
143296924 0 1680568728
143296924 0 1680568730
143296924 0 1680568732
143296924 0 1680568735
143296924 0 1680568737
143296924 0 1680568739
143296924 0 1680568741
143296924 0 1680568744
143296924 0 1680568746
143296924 0 1680568749
143296924 0 1680568751
143296924 0 1680568753
143296924 0 1680568755
143296924 0 1680568757
143296924 0 1680568760
143296924 0 1680568762
 1680568764
143296924 0 1680568767
466261498 1 1680568856
466261498 1 1680568859
466261498 1 1680568861
466261498 1 1680568863
466261498 1 1680568865
466261498 1 1680568867
466261498 0 1680568870
466261498 1 1680568873
103596032 0 1680570387
103596032 0 1680570389
103596032 0 1680570391
103596032 0 1680570393
103596032 0 1680570395
103596032 0 1680570397
103596032 0 1680570399
480143707 1 1680571144
480143707 1 1680571147
480143707 1 1680571149
480143707 1 1680571151
480143707 1 1680571153
480143707 1 1680571155
480143707 1 1680571157
480143707 1 1680571159
 1680571161
480143707 1 1680571163
480143707 1 1680571166
480143707 1 1680571168
480143707 1 1680571170
480143707 1 1680571172
480143707 1 1680571175
480143707 1 1680571177
480143707 1 1680571179
480143707 1 1680571181
480143707 1 1680571183
480143707 1 1680571185
480143707 1 1680571188
 1680571190
480143707 1 1680571192
480143707 1 1680571194
480143707 1 1680571197
480143707 1 1680571199
480143707 1 1680571201
480143707 1 1680571203
480143707 1 1680571205
 1680571207
480143707 1 1680571210
480143707 1 1680571212
480143707 1 1680571214
480143707 1 1680571216
480143707 1 1680571218
 1680571220
480143707 1 1680571223
480143707 1 1680571225
480143707 1 1680571227
480143707 1 1680571229
480143707 1 1680571231
480143707 1 1680571234
480143707 1 1680571236
480143707 1 1680571238
480143707 1 1680571240
480143707 1 1680571243
 1680571245
480143707 1 1680571247
480143707 1 1680571249
480143707 1 1680571252
480143707 1 1680571254
480143707 1 1680571256
480143707 1 1680571258
480143707 1 1680571260
480143707 1 1680571262
480143707 1 1680571265
480143707 1 1680571267
480143707 1 1680571269
 1680571271
480143707 0 1680571273
480143707 0 1680571276
940019575 1 1680572365
940019575 1 1680572367
940019575 1 1680572369
940019575 1 1680572372
940019575 1 1680572374
940019575 1 1680572376
940019575 1 1680572377
940019575 1 1680572381
940019575 1 1680572391
940019575 1 1680574986
441713882 1 1680575812
441713882 1 1680575815
 1680575817
441713882 1 1680575820
441713882 0 1680575823
441713882 0 1680575826
441713882 0 1680575828
 1680575831
441713882 0 1680575834
 1680575837
441713882 0 1680575839
441713882 0 1680575842
 1680575844
441713882 0 1680575848
441713882 0 1680575851
441713882 0 1680575853
441713882 0 1680575856
441713882 0 1680575859
441713882 0 1680575862
441713882 0 1680575865
441713882 0 1680575867
441713882 0 1680575871
441713882 0 1680575874
441713882 0 1680575876
441713882 0 1680575879
441713882 0 1680575882
441713882 0 1680575884
441713882 0 1680575887
 1680575890
441713882 0 1680575893
441713882 0 1680575896
 1680575899
441713882 0 1680575901
441713882 0 1680575904
441713882 0 1680575906
441713882 0 1680575909
441713882 0 1680575912
441713882 0 1680575915
441713882 0 1680575918
441713882 0 1680575921
441713882 0 1680575923
441713882 0 1680575926
441713882 0 1680575929
441713882 0 1680575932
441713882 0 1680575935
441713882 0 1680575937
441713882 0 1680575940
441713882 0 1680575943
441713882 0 1680575945
441713882 0 1680575948
441713882 0 1680575951
441713882 0 1680575954
441713882 0 1680575957
441713882 0 1680575960
441713882 0 1680575962
441713882 0 1680575965
441713882 0 1680575968
441713882 0 1680575971
441713882 0 1680575974
441713882 0 1680575977
441713882 0 1680575980
441713882 0 1680575983
441713882 0 1680575985
441713882 0 1680575988
441713882 0 1680575991
441713882 0 1680575994
441713882 0 1680575996
441713882 0 1680575999
441713882 0 1680576002
441713882 0 1680576005
 1680576008
 1680576249
781607631 1 1680576251
781607631 1 1680576254
781607631 1 1680576256
781607631 1 1680576258
781607631 1 1680576260
 1680576262
 1680576264
781607631 1 1680576266
781607631 1 1680576269
 1680576269
 1680576271
781607631 1 1680576273
15609548 0 1680577351
15609548 0 1680577353
15609548 0 1680577356
15609548 0 1680577358
15609548 0 1680577360
 1680577362
15609548 0 1680577365
15609548 0 1680577367
 1680577369
15609548 0 1680577371
 1680577373
15609548 0 1680577376
15609548 0 1680577378
15609548 0 1680577380
 1680577382
15609548 0 1680577385
15609548 0 1680577387
15609548 0 1680577389
15609548 0 1680577391
15609548 0 1680577393
15609548 0 1680577396
15609548 0 1680577398
15609548 0 1680577400
15609548 0 1680577402
15609548 0 1680577404
15609548 0 1680577406
15609548 0 1680577409
 1680577411
441713882 0 1680578513
 1680578515
441713882 0 1680578518
441713882 0 1680578520
441713882 0 1680578522
441713882 1 1680578524
400070517 1 1680583307
400070517 1 1680583307
400070517 1 1680583308
400070517 1 1680583308
400070517 1 1680583309
400070517 1 1680583309
400070517 1 1680583310
400070517 1 1680583310
400070517 1 1680583310
400070517 1 1680583311
400070517 1 1680583312
400070517 1 1680583312
400070517 1 1680583312
400070517 1 1680583313
400070517 1 1680583313
480143707 0 1680604232
 1680604234
480143707 0 1680604237
640765073 1 1680605610
 1680605612
640765073 1 1680605614
640765073 1 1680605616
 1680605619
640765073 1 1680605621
 1680605623
640765073 0 1680605626
 1680605628
640765073 1 1680605630
640765073 1 1680605632
640765073 1 1680605635
640765073 1 1680605637
 1680605640
 1680605644
 1680605646
 1680605649
 1680605651
 1680605654
 1680605656
640765073 1 1680605659
297640432 1 1680605661
 1680605661
297640432 1 1680605663
640765073 1 1680605664
297640432 1 1680605666
640765073 1 1680605666
297640432 1 1680605668
 1680605669
297640432 1 1680605670
 1680605672
297640432 1 1680605672
640765073 1 1680605674
297640432 1 1680605674
297640432 1 1680605677
640765073 1 1680605677
297640432 1 1680605679
 1680605679
297640432 1 1680605681
 1680605682
297640432 1 1680605683
 1680605684
297640432 1 1680605685
 1680605686
297640432 1 1680605687
 1680605689
297640432 1 1680605690
 1680605691
297640432 1 1680605692
297640432 1 1680605694
 1680605694
297640432 1 1680605696
 1680605697
297640432 1 1680605698
640765073 1 1680605699
297640432 1 1680605701
 1680605702
297640432 1 1680605703
 1680605704
297640432 1 1680605705
 1680605707
297640432 1 1680605707
 1680605709
 1680605712
 1680605715
640765073 1 1680605718
640765073 0 1680605721
480143707 0 1680605968
480143707 0 1680605971
480143707 0 1680605973
 1680606201
457607087 1 1680606203
457607087 1 1680606205
 1680606208
457607087 1 1680606210
 1680606212
457607087 1 1680606215
 1680606217
457607087 1 1680606219
 1680606222
457607087 0 1680606224
 1680606235
 1680606237
457607087 1 1680606239
 1680606241
457607087 1 1680606244
457607087 1 1680606246
457607087 1 1680606248
457607087 1 1680606251
457607087 1 1680606253
457607087 1 1680606256
457607087 1 1680606258
457607087 1 1680606260
 1680606263
457607087 1 1680606279
457607087 0 1680606282
457607087 0 1680606339
457607087 1 1680606341
457607087 1 1680606344
 1680606346
457607087 0 1680606349
457607087 0 1680606351
457607087 0 1680606354
457607087 0 1680606899
 1680606902
640765073 0 1680607682
 1680607684
 1680607686
480143707 0 1680607789
870347297 1 1680610157
870347297 1 1680610160
870347297 0 1680610163
70307554 0 1680610319
70307554 1 1680610321
70307554 0 1680610323
70307554 0 1680610326
70307554 1 1680610334
70307554 0 1680610336
 1680610338
70307554 0 1680610341
70307554 0 1680610343
70307554 0 1680610345
70307554 0 1680610348
70307554 0 1680610350
70307554 0 1680610352
70307554 0 1680610355
70307554 0 1680610357
70307554 0 1680610359
70307554 0 1680610362
70307554 0 1680610364
70307554 0 1680610366
70307554 0 1680610369
70307554 0 1680610371
70307554 0 1680610373
70307554 0 1680610375
70307554 0 1680610378
70307554 0 1680610380
70307554 0 1680610382
70307554 0 1680610384
70307554 0 1680610387
70307554 0 1680610389
70307554 0 1680610391
70307554 0 1680610393
70307554 0 1680610396
70307554 0 1680610398
70307554 0 1680610400
70307554 0 1680610402
70307554 0 1680610405
70307554 0 1680610407
70307554 0 1680610409
70307554 0 1680610412
70307554 0 1680610414
70307554 0 1680610416
70307554 0 1680610418
70307554 0 1680610421
70307554 0 1680610423
70307554 0 1680610425
70307554 0 1680610428
70307554 0 1680610430
70307554 0 1680610432
70307554 0 1680610434
70307554 0 1680610437
70307554 0 1680610439
70307554 0 1680610441
70307554 0 1680610443
70307554 0 1680610445
70307554 0 1680610448
70307554 0 1680610450
70307554 0 1680610452
70307554 0 1680610455
70307554 0 1680610457
70307554 0 1680610459
70307554 0 1680610462
70307554 0 1680610464
70307554 0 1680610466
70307554 0 1680610469
70307554 0 1680610471
70307554 0 1680610473
70307554 0 1680610475
70307554 0 1680610478
70307554 0 1680610480
70307554 0 1680610482
70307554 0 1680610485
70307554 0 1680610487
70307554 0 1680610489
70307554 0 1680610491
70307554 0 1680610494
70307554 0 1680610496
70307554 0 1680610498
70307554 0 1680610500
70307554 0 1680610503
70307554 0 1680610505
70307554 0 1680610507
70307554 0 1680610510
70307554 0 1680610512
70307554 0 1680610514
70307554 0 1680610516
70307554 0 1680610519
70307554 0 1680610521
70307554 0 1680610523
70307554 0 1680610526
70307554 0 1680610528
70307554 0 1680610530
70307554 0 1680610533
70307554 0 1680610535
70307554 0 1680610537
70307554 0 1680610539
70307554 0 1680610542
70307554 0 1680610544
70307554 0 1680610546
70307554 0 1680610549
70307554 0 1680610551
70307554 0 1680610553
70307554 0 1680610556
70307554 0 1680610558
70307554 0 1680610560
70307554 0 1680610562
70307554 0 1680610565
70307554 0 1680610567
70307554 0 1680610569
70307554 0 1680610571
70307554 0 1680610574
70307554 0 1680610576
70307554 0 1680610578
70307554 0 1680610581
70307554 0 1680610583
70307554 0 1680610585
70307554 0 1680610588
70307554 0 1680610590
70307554 0 1680610592
 1680610595
70307554 0 1680610597
70307554 0 1680610599
70307554 0 1680610602
70307554 0 1680610604
70307554 0 1680610606
70307554 0 1680610608
70307554 0 1680610611
70307554 0 1680610613
70307554 0 1680610616
70307554 0 1680610618
70307554 0 1680610620
70307554 0 1680610622
70307554 0 1680610625
70307554 0 1680610627
70307554 0 1680610629
70307554 0 1680610631
70307554 0 1680610634
70307554 0 1680610636
70307554 0 1680610638
70307554 0 1680610641
70307554 0 1680610643
70307554 0 1680610645
70307554 0 1680610648
70307554 0 1680610650
70307554 0 1680610652
70307554 0 1680610655
70307554 0 1680610657
70307554 0 1680610659
70307554 0 1680610661
70307554 0 1680610664
70307554 0 1680610666
70307554 0 1680610668
70307554 0 1680610671
 1680610673
70307554 0 1680610675
70307554 0 1680610677
70307554 0 1680610680
70307554 0 1680610682
70307554 0 1680610684
70307554 0 1680610686
 1680610689
70307554 0 1680610691
70307554 0 1680610693
70307554 0 1680610696
70307554 0 1680610698
70307554 0 1680610700
70307554 0 1680610703
70307554 0 1680610705
70307554 0 1680610707
70307554 0 1680610709
70307554 0 1680610712
70307554 0 1680610714
70307554 0 1680610716
70307554 0 1680610719
 1680610721
70307554 0 1680610723
70307554 0 1680610726
70307554 0 1680610728
70307554 0 1680610730
 1680610732
70307554 0 1680610735
70307554 0 1680610737
480143707 0 1680610737
70307554 0 1680610739
 1680610741
70307554 0 1680610744
70307554 0 1680610746
70307554 0 1680610748
70307554 0 1680610751
70307554 0 1680610753
70307554 0 1680610755
70307554 0 1680610758
70307554 0 1680610760
70307554 0 1680610762
70307554 0 1680610765
70307554 0 1680610767
70307554 0 1680610769
70307554 0 1680610771
70307554 0 1680610774
70307554 0 1680610776
70307554 0 1680610778
70307554 0 1680610781
70307554 0 1680610783
70307554 0 1680610785
70307554 0 1680610787
70307554 0 1680610790
70307554 0 1680610792
70307554 0 1680610794
70307554 0 1680610797
70307554 0 1680610799
70307554 0 1680610801
70307554 0 1680610803
70307554 0 1680610806
70307554 0 1680610808
 1680610810
70307554 0 1680610812
70307554 0 1680610815
70307554 0 1680610817
70307554 0 1680610819
70307554 0 1680610822
70307554 0 1680610824
70307554 0 1680610826
70307554 0 1680610828
70307554 0 1680610831
70307554 0 1680610833
70307554 0 1680610835
70307554 0 1680610838
70307554 0 1680610840
 1680610842
70307554 0 1680610845
70307554 0 1680610847
70307554 0 1680610850
70307554 0 1680610852
70307554 0 1680610854
70307554 0 1680610857
70307554 0 1680610859
70307554 0 1680610861
70307554 0 1680610864
70307554 0 1680610866
 1680610868
70307554 0 1680610871
 1680610873
 1680610875
70307554 0 1680610877
70307554 0 1680610880
70307554 0 1680610882
70307554 0 1680610884
70307554 0 1680610887
70307554 0 1680610889
70307554 0 1680610891
70307554 0 1680610893
70307554 0 1680610896
70307554 0 1680610898
70307554 0 1680610900
70307554 0 1680610903
70307554 0 1680610905
70307554 0 1680610907
70307554 0 1680610910
70307554 0 1680610912
70307554 0 1680610914
70307554 0 1680610916
70307554 0 1680610919
70307554 0 1680610921
70307554 0 1680610923
70307554 0 1680610926
70307554 0 1680610928
 1680610930
70307554 0 1680610933
70307554 0 1680610935
70307554 0 1680610937
70307554 0 1680610940
70307554 0 1680610942
70307554 0 1680610945
70307554 0 1680610947
70307554 0 1680610949
70307554 0 1680610951
70307554 0 1680610954
70307554 0 1680610956
70307554 0 1680610958
70307554 0 1680610961
70307554 0 1680610963
70307554 0 1680610965
70307554 0 1680610968
70307554 0 1680610970
70307554 0 1680610972
70307554 0 1680610974
70307554 0 1680610977
70307554 0 1680610979
70307554 0 1680610981
70307554 0 1680610984
70307554 0 1680610986
70307554 0 1680610989
70307554 0 1680610991
70307554 0 1680610993
70307554 0 1680610996
70307554 0 1680610998
 1680611000
70307554 0 1680611003
70307554 0 1680611005
70307554 0 1680611007
70307554 0 1680611009
70307554 0 1680611011
70307554 0 1680611014
70307554 0 1680611016
70307554 0 1680611018
70307554 0 1680611020
70307554 0 1680611023
70307554 0 1680611025
70307554 0 1680611027
70307554 0 1680611030
70307554 0 1680611032
70307554 0 1680611034
70307554 0 1680611037
70307554 0 1680611039
70307554 0 1680611041
70307554 0 1680611043
70307554 0 1680611046
70307554 0 1680611048
 1680611051
70307554 0 1680611053
70307554 0 1680611055
70307554 0 1680611057
70307554 0 1680611060
70307554 0 1680611063
70307554 0 1680611065
70307554 0 1680611067
70307554 0 1680611069
70307554 0 1680611072
70307554 0 1680611074
70307554 0 1680611076
 1680611078
70307554 0 1680611081
70307554 0 1680611083
70307554 0 1680611085
70307554 0 1680611088
70307554 0 1680611090
70307554 0 1680611092
70307554 0 1680611095
70307554 0 1680611097
70307554 0 1680611099
 1680611101
70307554 0 1680611104
70307554 0 1680611106
 1680611109
70307554 0 1680611111
70307554 0 1680611113
70307554 0 1680611115
70307554 0 1680611118
70307554 0 1680611120
70307554 0 1680611122
70307554 0 1680611125
70307554 0 1680611127
70307554 0 1680611129
70307554 0 1680611132
70307554 0 1680611134
70307554 0 1680611136
70307554 0 1680611139
70307554 0 1680611141
70307554 0 1680611143
70307554 0 1680611145
70307554 0 1680611148
70307554 0 1680611150
70307554 0 1680611152
70307554 0 1680611155
70307554 0 1680611157
70307554 0 1680611159
70307554 0 1680611161
70307554 0 1680611164
 1680611166
70307554 0 1680611168
70307554 0 1680611170
70307554 0 1680611173
70307554 0 1680611175
70307554 0 1680611177
70307554 0 1680611180
70307554 0 1680611182
70307554 0 1680611184
70307554 0 1680611187
70307554 0 1680611189
70307554 0 1680611191
70307554 0 1680611193
70307554 0 1680611196
70307554 0 1680611198
70307554 0 1680611200
 1680611202
70307554 0 1680611205
70307554 0 1680611207
70307554 0 1680611209
70307554 0 1680611212
70307554 0 1680611214
70307554 0 1680611216
70307554 0 1680611219
70307554 0 1680611221
70307554 0 1680611223
70307554 0 1680611226
 1680611228
70307554 0 1680611231
70307554 0 1680611233
70307554 0 1680611236
 1680611238
70307554 0 1680611241
70307554 0 1680611243
70307554 0 1680611245
 1680611247
70307554 0 1680611250
70307554 0 1680611252
70307554 0 1680611254
70307554 0 1680611257
70307554 0 1680611259
 1680611261
70307554 0 1680611263
70307554 0 1680611266
70307554 0 1680611268
70307554 0 1680611270
70307554 0 1680611273
70307554 0 1680611275
70307554 0 1680611277
70307554 0 1680611279
70307554 0 1680611281
70307554 0 1680611284
70307554 0 1680611286
70307554 0 1680611288
70307554 0 1680611290
70307554 0 1680611292
70307554 0 1680611295
70307554 0 1680611297
70307554 0 1680611299
70307554 0 1680611301
70307554 0 1680611304
70307554 0 1680611306
70307554 0 1680611309
70307554 0 1680611311
457607087 0 1680612091
457607087 0 1680612094
457607087 0 1680612096
457607087 0 1680612098
457607087 0 1680612101
457607087 0 1680612103
457607087 0 1680612105
772798609 1 1680612294
772798609 1 1680612296
772798609 1 1680612298
772798609 1 1680612300
772798609 1 1680612303
772798609 1 1680612305
772798609 1 1680612307
772798609 1 1680612309
772798609 1 1680612311
772798609 1 1680612312
 1680612313
772798609 1 1680612316
772798609 1 1680612316
772798609 1 1680612318
772798609 1 1680612320
772798609 1 1680612323
772798609 1 1680612325
772798609 1 1680612327
772798609 1 1680612329
772798609 1 1680612331
772798609 1 1680612333
772798609 1 1680612335
772798609 1 1680612338
772798609 1 1680612340
772798609 1 1680612342
772798609 0 1680612344
772798609 0 1680612346
772798609 0 1680612349
772798609 0 1680612351
772798609 0 1680612353
772798609 0 1680612355
772798609 0 1680612357
772798609 0 1680612360
772798609 0 1680612362
772798609 0 1680612364
772798609 0 1680612367
 1680612369
772798609 0 1680612371
772798609 0 1680612373
772798609 0 1680612376
772798609 0 1680612378
 1680612381
772798609 0 1680612384
772798609 0 1680612386
772798609 0 1680612388
772798609 0 1680612390
772798609 0 1680612393
772798609 0 1680612395
772798609 0 1680612397
772798609 0 1680612399
772798609 0 1680612447
772798609 0 1680612449
772798609 0 1680612451
772798609 0 1680612453
 1680612456
772798609 0 1680612459
772798609 0 1680612461
772798609 0 1680612463
772798609 0 1680612465
772798609 0 1680612467
772798609 0 1680612470
772798609 0 1680612472
772798609 0 1680612474
772798609 0 1680612477
772798609 0 1680612479
772798609 0 1680612481
772798609 0 1680612483
772798609 0 1680612486
772798609 0 1680612488
772798609 0 1680612490
772798609 0 1680612492
772798609 0 1680612495
772798609 0 1680612497
440382460 1 1680612921
440382460 1 1680612923
440382460 1 1680612925
440382460 1 1680612928
440382460 1 1680612930
440382460 1 1680612932
440382460 1 1680612934
440382460 1 1680612936
440382460 1 1680612938
440382460 1 1680612941
440382460 1 1680612943
440382460 1 1680612945
440382460 1 1680612947
440382460 1 1680612949
440382460 1 1680612951
440382460 1 1680612953
440382460 1 1680612955
440382460 1 1680612958
440382460 1 1680612960
440382460 1 1680612962
440382460 0 1680612964
440382460 0 1680612966
 1680612968
440382460 0 1680612971
440382460 0 1680612973
626594074 1 1680613333
626594074 1 1680613335
626594074 1 1680613337
626594074 1 1680613339
626594074 1 1680613341
626594074 1 1680613343
626594074 1 1680613345
 1680613347
626594074 0 1680613350
626594074 1 1680613352
362642566 1 1680613353
362642566 1 1680613355
626594074 1 1680613357
626594074 0 1680613359
626594074 0 1680613361
626594074 0 1680613364
626594074 0 1680613366
626594074 0 1680613369
626594074 0 1680613371
626594074 0 1680613374
626594074 0 1680613376
626594074 0 1680613378
626594074 0 1680613381
626594074 0 1680613383
626594074 0 1680613385
626594074 0 1680613387
626594074 0 1680613390
626594074 0 1680613392
626594074 0 1680613394
 1680613397
626594074 0 1680613399
626594074 0 1680613401
626594074 0 1680613404
626594074 0 1680613406
626594074 0 1680613408
626594074 0 1680613410
626594074 0 1680613413
626594074 0 1680613415
626594074 0 1680613417
626594074 0 1680613419
626594074 0 1680613422
 1680613424
626594074 0 1680613427
626594074 0 1680613429
626594074 0 1680613431
626594074 0 1680613434
626594074 0 1680613436
626594074 0 1680613438
626594074 0 1680613441
626594074 0 1680613443
626594074 0 1680613445
 1680613448
626594074 0 1680613450
626594074 0 1680613452
626594074 0 1680613454
626594074 0 1680613457
626594074 0 1680613459
626594074 0 1680613461
626594074 0 1680613463
626594074 0 1680613466
626594074 0 1680613468
626594074 0 1680613471
626594074 0 1680613474
626594074 0 1680613477
626594074 0 1680613480
626594074 0 1680613483
626594074 0 1680613486
626594074 0 1680613488
480143707 0 1680613650
480143707 1 1680613652
 1680615557
744388928 1 1680615559
744388928 1 1680615561
744388928 1 1680615563
744388928 1 1680615566
806538929 1 1680615566
 1680615568
806538929 1 1680615571
806538929 1 1680615573
530393641 1 1680615659
530393641 1 1680615662
530393641 1 1680615664
530393641 1 1680615666
 1680615668
530393641 0 1680615672
221698262 1 1680615672
530393641 0 1680615674
221698262 1 1680615674
221698262 1 1680615677
221698262 1 1680615679
221698262 1 1680615681
221698262 1 1680615683
221698262 1 1680615685
221698262 1 1680615688
221698262 1 1680615690
221698262 1 1680615692
221698262 1 1680615694
221698262 1 1680615697
221698262 1 1680615699
221698262 1 1680615701
221698262 1 1680615703
221698262 1 1680615705
221698262 1 1680615708
221698262 1 1680615710
221698262 1 1680615712
221698262 1 1680615714
221698262 1 1680615716
221698262 1 1680615718
221698262 0 1680615721
221698262 0 1680615723
221698262 0 1680615725
221698262 0 1680615728
221698262 0 1680615730
221698262 0 1680615733
221698262 0 1680615735
221698262 0 1680615738
221698262 0 1680615740
221698262 0 1680615742
221698262 0 1680615745
221698262 0 1680615747
221698262 0 1680615836
221698262 1 1680615838
221698262 1 1680615840
221698262 1 1680615843
221698262 0 1680615845
221698262 0 1680615847
221698262 0 1680615850
221698262 0 1680615852
221698262 0 1680615854
221698262 0 1680615857
221698262 0 1680615859
221698262 0 1680615861
221698262 0 1680615864
221698262 0 1680615866
221698262 0 1680615868
 1680615871
221698262 0 1680615873
221698262 0 1680615875
979173885 1 1680615877
221698262 0 1680615878
979173885 1 1680615880
221698262 0 1680615880
979173885 1 1680615882
221698262 0 1680615882
979173885 1 1680615884
221698262 0 1680615885
979173885 1 1680615886
221698262 0 1680615887
979173885 1 1680615888
221698262 0 1680615890
979173885 1 1680615890
221698262 0 1680615892
979173885 0 1680615893
221698262 0 1680615894
 1680615895
221698262 0 1680615896
979173885 0 1680615897
221698262 0 1680615899
979173885 0 1680615899
221698262 0 1680615901
979173885 0 1680615901
979173885 0 1680615904
221698262 0 1680615904
979173885 0 1680615906
221698262 0 1680615906
598817489 1 1680615907
979173885 0 1680615908
221698262 0 1680615909
 1680615909
979173885 0 1680615910
 1680615911
 1680615912
979173885 0 1680615913
221698262 0 1680615913
598817489 1 1680615914
979173885 0 1680615915
 1680615915
598817489 1 1680615916
979173885 0 1680615917
598817489 1 1680615918
221698262 0 1680615918
979173885 0 1680615919
598817489 1 1680615920
221698262 0 1680615920
598817489 1 1680615921
979173885 0 1680615922
221698262 0 1680615922
598817489 1 1680615923
979173885 0 1680615924
221698262 0 1680615925
598817489 1 1680615926
979173885 0 1680615926
221698262 0 1680615927
598817489 1 1680615928
979173885 0 1680615928
221698262 0 1680615929
598817489 1 1680615930
979173885 0 1680615930
221698262 0 1680615932
598817489 1 1680615932
979173885 0 1680615933
221698262 0 1680615934
598817489 1 1680615934
979173885 0 1680615935
 1680615936
 1680615936
979173885 0 1680615937
221698262 0 1680615938
979173885 0 1680615939
 1680615941
598817489 1 1680615941
979173885 0 1680615942
598817489 1 1680615943
221698262 0 1680615943
979173885 0 1680615944
221698262 0 1680615945
979173885 0 1680615946
221698262 0 1680615948
979173885 0 1680615948
221698262 0 1680615950
979173885 0 1680615951
221698262 0 1680615952
979173885 0 1680615953
221698262 0 1680615955
979173885 0 1680615955
221698262 0 1680615957
979173885 0 1680615957
221698262 0 1680615959
979173885 0 1680615960
221698262 0 1680615962
 1680615965
221698262 0 1680615970
221698262 0 1680615972
 1680615974
259038289 1 1680615976
221698262 0 1680615977
 1680615978
221698262 0 1680615979
259038289 1 1680615980
221698262 0 1680615981
259038289 0 1680615983
221698262 0 1680615984
259038289 1 1680615985
221698262 0 1680615986
259038289 1 1680615987
221698262 0 1680615988
259038289 1 1680615989
221698262 0 1680615991
221698262 0 1680615993
221698262 0 1680615996
979173885 0 1680616018
979173885 0 1680616020
979173885 0 1680616022
49119811 1 1680616023
979173885 0 1680616025
49119811 1 1680616025
979173885 0 1680616027
 1680616027
979173885 0 1680616029
 1680616029
979173885 0 1680616031
49119811 1 1680616032
979173885 0 1680616033
49119811 1 1680616034
979173885 0 1680616036
49119811 1 1680616036
979173885 0 1680616038
49119811 1 1680616038
979173885 0 1680616040
 1680616040
979173885 0 1680616042
 1680616043
979173885 0 1680616045
49119811 0 1680616045
979173885 0 1680616047
 1680616048
979173885 0 1680616049
49119811 0 1680616050
979173885 0 1680616051
979173885 1 1680616052
 1680616055
979173885 1 1680616057
979173885 1 1680616059
979173885 1 1680616062
979173885 1 1680616064
979173885 1 1680616066
979173885 1 1680616068
979173885 1 1680616070
979173885 1 1680616073
979173885 1 1680616075
979173885 1 1680616077
259038289 1 1680616089
259038289 1 1680616091
259038289 1 1680616093
626594074 0 1680616095
259038289 1 1680616096
626594074 0 1680616097
259038289 1 1680616098
626594074 0 1680616100
259038289 1 1680616100
626594074 0 1680616102
626594074 0 1680616104
216864633 1 1680616106
626594074 0 1680616106
233375686 1 1680616107
216864633 1 1680616108
626594074 0 1680616109
233375686 1 1680616109
216864633 1 1680616111
626594074 0 1680616111
233375686 1 1680616111
216864633 1 1680616113
626594074 0 1680616113
233375686 1 1680616113
216864633 1 1680616115
626594074 0 1680616115
233375686 0 1680616116
216864633 0 1680616117
857402866 1 1680616117
 1680616118
233375686 0 1680616118
857402866 1 1680616119
216864633 0 1680616120
233375686 0 1680616120
626594074 0 1680616120
857402866 1 1680616122
216864633 0 1680616122
233375686 0 1680616122
626594074 0 1680616122
857402866 1 1680616124
233375686 0 1680616124
216864633 0 1680616125
626594074 0 1680616125
233375686 0 1680616126
626594074 0 1680616127
233375686 0 1680616129
626594074 0 1680616129
233375686 0 1680616131
626594074 0 1680616132
233375686 0 1680616134
626594074 0 1680616134
233375686 0 1680616136
626594074 0 1680616136
233375686 0 1680616138
626594074 0 1680616138
626594074 0 1680616141
233375686 0 1680616141
626594074 0 1680616143
233375686 0 1680616143
626594074 0 1680616145
233375686 0 1680616145
772798609 0 1680616146
626594074 0 1680616147
772798609 0 1680616148
233375686 0 1680616149
626594074 0 1680616149
772798609 0 1680616150
233375686 0 1680616151
626594074 0 1680616152
772798609 0 1680616153
233375686 0 1680616153
626594074 0 1680616154
772798609 0 1680616155
233375686 0 1680616156
626594074 0 1680616156
772798609 0 1680616157
626594074 0 1680616159
772798609 0 1680616159
233375686 0 1680616160
626594074 0 1680616161
772798609 0 1680616162
626594074 0 1680616163
233375686 0 1680616163
772798609 0 1680616164
626594074 0 1680616165
772798609 0 1680616166
233375686 0 1680616167
626594074 0 1680616168
772798609 0 1680616169
233375686 0 1680616169
626594074 0 1680616170
772798609 0 1680616171
233375686 0 1680616171
626594074 0 1680616172
772798609 0 1680616173
233375686 0 1680616173
 1680616174
233375686 0 1680616176
772798609 0 1680616176
626594074 0 1680616177
233375686 0 1680616178
772798609 0 1680616178
626594074 0 1680616179
772798609 0 1680616180
233375686 0 1680616181
626594074 0 1680616181
772798609 0 1680616182
626594074 0 1680616184
772798609 0 1680616184
233375686 0 1680616185
626594074 0 1680616186
772798609 0 1680616187
626594074 0 1680616188
233375686 0 1680616188
772798609 0 1680616189
626594074 0 1680616191
772798609 0 1680616191
233375686 0 1680616193
626594074 0 1680616193
772798609 0 1680616193
626594074 0 1680616195
772798609 0 1680616195
233375686 0 1680616196
626594074 0 1680616197
772798609 0 1680616198
626594074 0 1680616199
772798609 0 1680616200
233375686 0 1680616201
626594074 0 1680616202
772798609 0 1680616202
626594074 0 1680616204
233375686 0 1680616204
772798609 0 1680616205
626594074 0 1680616206
772798609 0 1680616207
233375686 0 1680616207
626594074 0 1680616209
772798609 0 1680616209
233375686 1 1680616210
626594074 0 1680616211
772798609 0 1680616211
233375686 1 1680616212
626594074 0 1680616213
772798609 0 1680616214
233375686 1 1680616214
626594074 0 1680616215
772798609 0 1680616216
233375686 1 1680616216
626594074 0 1680616217
772798609 0 1680616218
233375686 1 1680616218
626594074 0 1680616220
772798609 0 1680616220
233375686 1 1680616220
626594074 0 1680616222
772798609 0 1680616222
233375686 1 1680616223
626594074 0 1680616224
772798609 0 1680616224
233375686 1 1680616225
626594074 0 1680616226
772798609 0 1680616227
233375686 0 1680616227
626594074 0 1680616229
626594074 0 1680616231
233375686 0 1680616232
626594074 0 1680616233
233375686 1 1680616234
626594074 0 1680616235
233375686 1 1680616236
626594074 0 1680616237
233375686 1 1680616238
626594074 0 1680616240
233375686 1 1680616240
626594074 0 1680616242
233375686 1 1680616242
626594074 0 1680616244
233375686 0 1680616246
626594074 0 1680616246
 1680616249
233375686 0 1680616249
626594074 0 1680616251
626594074 0 1680616253
233375686 0 1680616253
626594074 0 1680616255
233375686 0 1680616256
626594074 0 1680616258
233375686 0 1680616258
626594074 0 1680616260
626594074 0 1680616262
233375686 0 1680616262
 1680616264
233375686 0 1680616267
626594074 0 1680616267
626594074 0 1680616269
233375686 0 1680616271
626594074 0 1680616271
626594074 0 1680616274
233375686 0 1680616274
626594074 0 1680616276
233375686 1 1680616276
626594074 0 1680616278
626594074 0 1680616280
626594074 0 1680616283
626594074 0 1680616285
626594074 0 1680616287
626594074 0 1680616289
626594074 0 1680616292
626594074 0 1680616294
626594074 0 1680616296
626594074 0 1680616299
626594074 0 1680616301
626594074 0 1680616303
626594074 0 1680616306
626594074 0 1680616308
626594074 0 1680616310
626594074 0 1680616313
626594074 0 1680616315
626594074 0 1680616317
626594074 0 1680616319
626594074 0 1680616321
626594074 0 1680616324
626594074 0 1680616326
772798609 0 1680616326
772798609 0 1680616328
626594074 0 1680616329
 1680616330
 1680616331
772798609 0 1680616333
626594074 0 1680616333
772798609 0 1680616335
626594074 0 1680616335
772798609 0 1680616337
626594074 0 1680616338
772798609 0 1680616339
626594074 0 1680616340
772798609 0 1680616342
626594074 0 1680616342
772798609 0 1680616344
 1680616344
772798609 0 1680616346
626594074 0 1680616347
772798609 0 1680616348
626594074 0 1680616349
772798609 0 1680616351
626594074 0 1680616351
772798609 0 1680616353
626594074 0 1680616353
772798609 0 1680616355
626594074 0 1680616356
772798609 0 1680616357
626594074 0 1680616358
772798609 0 1680616359
 1680616360
772798609 0 1680616362
626594074 0 1680616362
626594074 0 1680616365
626594074 0 1680616367
626594074 0 1680616369
626594074 0 1680616372
626594074 0 1680616374
626594074 0 1680616376
626594074 0 1680616378
626594074 0 1680616381
626594074 0 1680616383
 1680616385
626594074 0 1680616387
772798609 0 1680616389
626594074 0 1680616390
772798609 0 1680616391
626594074 0 1680616392
772798609 0 1680616394
626594074 0 1680616394
626594074 0 1680616396
772798609 0 1680616396
772798609 0 1680616398
626594074 0 1680616398
772798609 0 1680616401
 1680616401
772798609 0 1680616403
626594074 0 1680616403
772798609 0 1680616405
626594074 0 1680616405
772798609 0 1680616407
626594074 0 1680616408
772798609 0 1680616410
626594074 0 1680616410
772798609 0 1680616412
626594074 0 1680616412
772798609 0 1680616414
 1680616415
772798609 0 1680616416
626594074 0 1680616417
772798609 0 1680616419
 1680616419
772798609 0 1680616421
626594074 0 1680616421
772798609 0 1680616423
 1680616424
626594074 0 1680616426
626594074 0 1680616428
626594074 0 1680616430
626594074 0 1680616433
626594074 0 1680616435
626594074 0 1680616437
626594074 0 1680616440
626594074 0 1680616442
626594074 0 1680616444
626594074 0 1680616447
626594074 0 1680616449
626594074 0 1680616451
626594074 0 1680616454
626594074 0 1680616456
626594074 0 1680616459
626594074 0 1680616461
626594074 0 1680616463
626594074 0 1680616466
626594074 0 1680616468
 1680616470
626594074 0 1680616473
626594074 0 1680616475
626594074 0 1680616477
626594074 0 1680616480
626594074 0 1680616482
626594074 0 1680616484
626594074 0 1680616487
955445179 1 1680616487
626594074 0 1680616489
626594074 0 1680616491
626594074 0 1680616493
626594074 0 1680616496
626594074 0 1680616498
626594074 0 1680616500
626594074 0 1680616502
626594074 0 1680616505
626594074 0 1680616507
626594074 0 1680616509
626594074 0 1680616512
626594074 0 1680616514
626594074 0 1680616516
626594074 0 1680616518
626594074 0 1680616520
535630864 0 1680617437
535630864 1 1680617439
640089650 1 1680617738
640089650 1 1680617740
640089650 1 1680617742
640089650 1 1680617744
640089650 1 1680617746
640089650 1 1680617748
640089650 1 1680617750
 1680617752
640089650 0 1680617755
640089650 0 1680617757
640089650 0 1680617759
640089650 0 1680617762
640089650 0 1680617764
 1680617766
640089650 1 1680617769
640089650 1 1680617771
640089650 1 1680617773
640089650 1 1680617775
640089650 1 1680617777
640089650 1 1680617779
 1680617782
640089650 1 1680617784
640089650 1 1680617786
640089650 1 1680617787
640089650 1 1680617789
640089650 1 1680617791
640089650 1 1680617793
640089650 1 1680617795
640089650 1 1680617797
640089650 1 1680617800
640089650 1 1680617802
640089650 1 1680617804
640089650 1 1680617806
640089650 1 1680617808
640089650 1 1680617810
640089650 1 1680617812
640089650 1 1680617815
640089650 1 1680617817
640089650 0 1680617819
640089650 0 1680617821
640089650 0 1680617824
640089650 0 1680617826
640089650 0 1680617828
640089650 0 1680617830
640089650 0 1680617833
640089650 0 1680617835
640089650 0 1680617837
640089650 0 1680617839
640089650 0 1680617842
 1680617888
 1680618351
796266897 1 1680618353
796266897 1 1680618355
796266897 1 1680618357
796266897 1 1680618359
 1680618362
796266897 1 1680618364
796266897 1 1680618366
796266897 1 1680618368
544779854 1 1680619582
544779854 1 1680619584
544779854 1 1680619586
544779854 1 1680619588
544779854 1 1680619590
 1680619592
544779854 1 1680619595
544779854 1 1680619597
544779854 1 1680619599
544779854 1 1680619601
544779854 1 1680619603
544779854 1 1680619605
544779854 1 1680619607
544779854 1 1680619610
544779854 1 1680619612
544779854 1 1680619614
544779854 1 1680619616
544779854 1 1680619618
 1680619620
544779854 1 1680619623
544779854 1 1680619625
544779854 1 1680619627
544779854 1 1680619630
544779854 1 1680619632
544779854 1 1680619634
544779854 1 1680619636
544779854 1 1680619638
544779854 1 1680619640
544779854 1 1680619643
544779854 1 1680619645
544779854 1 1680619647
544779854 1 1680619649
544779854 1 1680619651
544779854 1 1680619653
544779854 1 1680619655
544779854 1 1680619658
544779854 1 1680619660
544779854 1 1680619662
544779854 1 1680619664
544779854 1 1680619666
 1680619668
544779854 1 1680619671
 1680619673
544779854 1 1680619675
544779854 1 1680619677
544779854 1 1680619679
544779854 1 1680619681
544779854 1 1680619684
544779854 1 1680619686
544779854 1 1680619688
544779854 1 1680619690
544779854 1 1680619692
544779854 1 1680619694
544779854 1 1680619697
544779854 1 1680619699
 1680619701
544779854 1 1680619703
544779854 1 1680619705
544779854 1 1680619708
544779854 1 1680619710
544779854 1 1680619712
544779854 1 1680619714
544779854 1 1680619716
544779854 1 1680619718
544779854 1 1680619720
544779854 1 1680619722
544779854 1 1680619725
544779854 1 1680619727
 1680619729
544779854 1 1680619731
544779854 1 1680619733
544779854 1 1680619735
544779854 0 1680619738
 1680619766
 1680619768
 1680619770
 1680620574
 1680620857
626594074 0 1680620860
626594074 0 1680620863
626594074 0 1680620865
626594074 0 1680620867
626594074 0 1680620870
626594074 0 1680620872
626594074 0 1680620875
626594074 0 1680620877
626594074 0 1680620879
626594074 0 1680620881
626594074 0 1680620884
626594074 0 1680620886
 1680620905
687961787 1 1680620907
687961787 1 1680620909
687961787 1 1680620912
687961787 0 1680620914
687961787 0 1680620916
687961787 1 1680620918
 1680620920
387864610 1 1680620922
387864610 1 1680620924
387864610 1 1680620926
387864610 1 1680620929
387864610 1 1680620931
387864610 1 1680620934
387864610 1 1680620936
387864610 1 1680620951
387864610 0 1680620953
387864610 0 1680620956
387864610 0 1680620958
387864610 0 1680620960
387864610 0 1680620963
387864610 0 1680620965
387864610 0 1680620968
387864610 0 1680620970
 1680620973
387864610 0 1680620976
387864610 0 1680620978
387864610 0 1680620980
387864610 0 1680620983
387864610 0 1680620985
387864610 0 1680620987
387864610 0 1680620990
387864610 0 1680620992
387864610 0 1680620995
387864610 0 1680620998
387864610 0 1680621000
387864610 0 1680621003
387864610 0 1680621006
387864610 0 1680621008
387864610 0 1680621010
387864610 0 1680621013
387864610 0 1680621015
387864610 0 1680621017
387864610 0 1680621019
387864610 0 1680621022
387864610 0 1680621024
387864610 0 1680621026
387864610 0 1680621029
387864610 0 1680621031
387864610 0 1680621034
387864610 0 1680621036
387864610 0 1680621038
387864610 0 1680621040
387864610 0 1680621042
387864610 0 1680621045
387864610 0 1680621047
387864610 0 1680621201
387864610 0 1680621204
387864610 0 1680621206
387864610 0 1680621208
387864610 0 1680621211
387864610 0 1680621213
387864610 0 1680621215
387864610 0 1680621218
387864610 0 1680621220
387864610 0 1680621222
387864610 0 1680621225
387864610 0 1680621227
387864610 0 1680621229
387864610 0 1680621232
387864610 0 1680621235
387864610 0 1680621239
387864610 0 1680621241
387864610 0 1680621243
387864610 0 1680621245
387864610 0 1680621248
387864610 0 1680621250
387864610 0 1680621252
387864610 0 1680621254
387864610 0 1680621257
 1680621259
387864610 0 1680621264
387864610 0 1680621266
387864610 0 1680621269
387864610 0 1680621271
387864610 0 1680621273
387864610 0 1680621276
387864610 0 1680621278
 1680621280
387864610 0 1680621283
387864610 0 1680621285
387864610 0 1680621287
387864610 0 1680621290
387864610 0 1680621292
547052600 1 1680621747
547052600 1 1680621749
547052600 1 1680621751
547052600 1 1680621754
547052600 1 1680621756
547052600 1 1680621758
547052600 1 1680621760
547052600 0 1680621762
 1680621765
547052600 1 1680621767
547052600 1 1680621769
547052600 1 1680621771
547052600 1 1680621773
874051642 1 1680623020
962202608 0 1680623022
874051642 1 1680623023
 1680623025
874051642 1 1680623026
962202608 0 1680623027
 1680623028
962202608 0 1680623030
874051642 1 1680623030
 1680623032
874051642 1 1680623032
962202608 0 1680623034
874051642 1 1680623035
962202608 0 1680623037
874051642 1 1680623037
962202608 0 1680623039
874051642 1 1680623039
874051642 1 1680623042
874051642 1 1680623044
874051642 1 1680623047
874051642 1 1680623049
874051642 1 1680623052
874051642 1 1680623054
874051642 1 1680623056
874051642 1 1680623058
874051642 1 1680623060
 1680623063
874051642 0 1680623065
 1680623067
874051642 0 1680623071
874051642 0 1680623073
874051642 0 1680623075
 1680624258
874051642 1 1680624260
874051642 1 1680624262
874051642 0 1680624265
216294771 1 1680628377
216294771 1 1680628379
216294771 1 1680628381
216294771 1 1680628383
216294771 0 1680628385
216294771 0 1680628387
216294771 0 1680628390
216294771 0 1680628392
216294771 0 1680628394
216294771 0 1680628396
216294771 0 1680628398
216294771 0 1680628400
216294771 0 1680628402
216294771 0 1680628405
216294771 0 1680628407
216294771 0 1680628409
216294771 0 1680628411
216294771 0 1680628413
216294771 0 1680628415
216294771 0 1680628417
216294771 0 1680628420
216294771 0 1680628422
216294771 0 1680628424
216294771 0 1680628426
216294771 0 1680628428
216294771 0 1680628430
216294771 0 1680628432
216294771 0 1680628434
216294771 0 1680628437
216294771 0 1680628439
216294771 0 1680628441
216294771 0 1680628443
216294771 0 1680628445
216294771 0 1680628447
216294771 0 1680628449
216294771 0 1680628451
216294771 0 1680628453
216294771 0 1680628456
216294771 0 1680628458
216294771 0 1680628460
216294771 0 1680628462
216294771 0 1680628464
216294771 0 1680628466
216294771 0 1680628468
216294771 0 1680628470
216294771 0 1680628473
684036851 1 1680628580
684036851 1 1680628582
684036851 1 1680628584
684036851 1 1680628586
684036851 1 1680628588
684036851 1 1680628591
684036851 1 1680628593
 1680628595
684036851 1 1680628597
684036851 1 1680628599
684036851 1 1680628601
684036851 1 1680628604
684036851 1 1680628606
684036851 1 1680628608
684036851 1 1680628610
684036851 1 1680628612
 1680628615
684036851 1 1680628617
684036851 1 1680628619
331406338 1 1680628620
331406338 1 1680628622
331406338 1 1680628627
331406338 1 1680628629
331406338 1 1680628632
331406338 1 1680628634
331406338 1 1680628636
331406338 1 1680628638
331406338 1 1680628640
331406338 1 1680628642
331406338 0 1680628645
331406338 0 1680628647
331406338 0 1680628672
331406338 0 1680628674
 1680628832
331406338 1 1680628834
331406338 1 1680628834
331406338 1 1680628835
331406338 1 1680628836
78526218 1 1680629927
141857623 0 1680631116
141857623 0 1680631118
141857623 0 1680631121
141857623 0 1680631123
141857623 0 1680631125
141857623 0 1680631128
141857623 0 1680631130
141857623 0 1680631132
141857623 0 1680631135
141857623 0 1680631137
141857623 0 1680631139
141857623 0 1680631142
141857623 0 1680631144
141857623 0 1680631146
141857623 0 1680631148
141857623 0 1680631151
141857623 0 1680631153
141857623 0 1680631155
141857623 0 1680631158
141857623 0 1680631160
141857623 0 1680631162
141857623 0 1680631165
141857623 0 1680631167
141857623 0 1680631169
141857623 0 1680631172
141857623 0 1680631174
141857623 0 1680631176
141857623 0 1680631179
141857623 0 1680631181
141857623 0 1680631183
141857623 0 1680631186
141857623 0 1680631188
 1680631190
141857623 0 1680631193
141857623 0 1680631195
141857623 0 1680631197
141857623 0 1680631200
141857623 0 1680631202
141857623 0 1680631204
141857623 0 1680631207
141857623 0 1680631209
141857623 0 1680631212
141857623 0 1680631215
141857623 0 1680631217
141857623 0 1680631220
141857623 0 1680631222
141857623 0 1680631224
141857623 0 1680631226
141857623 0 1680631229
141857623 0 1680631231
141857623 0 1680631234
141857623 0 1680631237
141857623 0 1680631239
141857623 0 1680631241
141857623 0 1680631244
141857623 0 1680631246
141857623 0 1680631249
 1680631352
141857623 0 1680631354
141857623 0 1680631356
141857623 0 1680631359
141857623 0 1680631361
141857623 0 1680631364
141857623 0 1680631366
141857623 0 1680631368
141857623 0 1680631371
141857623 0 1680631373
141857623 0 1680631375
141857623 0 1680631378
141857623 0 1680631380
141857623 0 1680631382
141857623 0 1680631385
141857623 0 1680631387
141857623 0 1680631390
141857623 0 1680631392
141857623 0 1680631395
141857623 0 1680631397
141857623 0 1680631400
141857623 0 1680631402
141857623 0 1680631404
141857623 0 1680631407
141857623 0 1680631409
141857623 0 1680631412
141857623 0 1680631415
141857623 0 1680631417
141857623 0 1680631420
141857623 0 1680631422
141857623 0 1680631425
141857623 0 1680631427
141857623 0 1680631429
141857623 0 1680631432
141857623 0 1680631434
141857623 0 1680631437
141857623 0 1680631439
141857623 0 1680631441
141857623 0 1680631444
141857623 0 1680631446
141857623 0 1680631448
141857623 0 1680631451
141857623 0 1680631453
141857623 0 1680631455
141857623 0 1680631457
 1680631460
141857623 0 1680631462
141857623 0 1680631465
141857623 0 1680631467
141857623 0 1680631470
141857623 0 1680631472
141857623 0 1680631474
141857623 0 1680631476
141857623 0 1680631479
141857623 0 1680631481
141857623 0 1680631484
141857623 0 1680631486
873806133 1 1680632414
873806133 1 1680632416
873806133 1 1680632418
873806133 1 1680632420
873806133 1 1680632422
873806133 1 1680632424
873806133 1 1680632427
873806133 1 1680632429
873806133 1 1680632431
873806133 1 1680632433
873806133 1 1680632435
873806133 1 1680632438
873806133 1 1680632440
873806133 1 1680632442
873806133 1 1680632444
873806133 1 1680632446
873806133 1 1680632449
873806133 0 1680632451
873806133 0 1680632453
873806133 0 1680632455
873806133 0 1680632458
873806133 0 1680632460
873806133 0 1680632462
873806133 0 1680632464
873806133 0 1680632467
873806133 0 1680632469
873806133 0 1680632471
873806133 0 1680632473
873806133 0 1680632476
873806133 0 1680632478
417760596 1 1680633386
417760596 1 1680633388
417760596 1 1680633390
417760596 0 1680633392
43977719 1 1680633392
417760596 0 1680633394
43977719 1 1680633394
43977719 1 1680633396
417760596 0 1680633397
 1680633399
 1680633399
43977719 0 1680633401
43977719 0 1680633403
43977719 0 1680633405
43977719 0 1680633408
43977719 0 1680633410
43977719 0 1680633412
43977719 0 1680633414
43977719 0 1680633417
 1680633419
43977719 0 1680633421
43977719 0 1680633423
43977719 0 1680633426
43977719 0 1680633428
626594074 0 1680633521
626594074 0 1680633523
626594074 0 1680633525
626594074 0 1680633528
626594074 0 1680633530
626594074 0 1680633532
626594074 0 1680633535
626594074 0 1680633537
626594074 0 1680633539
 1680633541
626594074 0 1680633544
626594074 0 1680633546
626594074 0 1680633548
626594074 0 1680633550
626594074 0 1680633553
626594074 0 1680633555
626594074 0 1680633557
626594074 0 1680633559
626594074 0 1680633562
626594074 0 1680633564
626594074 0 1680633566
626594074 0 1680633568
626594074 0 1680633571
 1680633573
626594074 0 1680633575
626594074 0 1680633578
626594074 0 1680633581
626594074 0 1680633583
626594074 0 1680633585
626594074 0 1680633587
626594074 0 1680633590
626594074 0 1680633592
626594074 0 1680633594
626594074 0 1680633596
 1680633598
626594074 0 1680633600
626594074 0 1680633603
626594074 0 1680633605
626594074 0 1680633607
626594074 0 1680633609
626594074 0 1680633611
626594074 0 1680633614
626594074 0 1680633616
626594074 0 1680633618
626594074 0 1680633620
626594074 0 1680633622
 1680633625
626594074 0 1680633627
626594074 0 1680633629
626594074 0 1680633631
626594074 0 1680633634
626594074 0 1680633636
626594074 0 1680633638
 1680633640
626594074 0 1680633643
626594074 0 1680633645
626594074 0 1680633648
626594074 0 1680633650
626594074 0 1680633652
 1680633654
626594074 0 1680633657
626594074 0 1680633659
626594074 0 1680633661
626594074 0 1680633664
626594074 0 1680633666
626594074 0 1680633668
626594074 0 1680633670
626594074 0 1680633672
626594074 0 1680633675
626594074 0 1680633677
626594074 0 1680633679
626594074 0 1680633681
626594074 0 1680633684
626594074 0 1680633686
626594074 0 1680633689
626594074 0 1680633691
626594074 0 1680633693
626594074 0 1680633695
626594074 0 1680633698
626594074 0 1680633700
 1680633702
626594074 0 1680633704
626594074 0 1680633707
626594074 0 1680633709
626594074 0 1680633711
626594074 0 1680633713
626594074 0 1680633716
626594074 0 1680633718
626594074 0 1680633720
626594074 0 1680633722
 1680633724
626594074 0 1680633727
626594074 0 1680633729
626594074 0 1680633731
626594074 0 1680633734
626594074 0 1680633736
626594074 0 1680633738
626594074 0 1680633741
626594074 0 1680633743
626594074 0 1680633745
626594074 0 1680633747
626594074 0 1680633750
626594074 0 1680633752
626594074 0 1680633754
 1680633757
626594074 0 1680633759
 1680633761
626594074 0 1680633763
626594074 0 1680633765
626594074 0 1680633768
626594074 0 1680633770
626594074 0 1680633772
626594074 0 1680633774
626594074 0 1680633776
626594074 0 1680633779
626594074 0 1680633781
626594074 0 1680633783
626594074 0 1680633785
626594074 0 1680633787
626594074 0 1680633790
626594074 0 1680633792
626594074 0 1680633794
626594074 0 1680633797
626594074 0 1680633799
626594074 0 1680633801
626594074 0 1680633803
626594074 0 1680633805
626594074 0 1680633808
626594074 0 1680633810
626594074 0 1680633812
626594074 0 1680633814
626594074 0 1680633817
626594074 0 1680633819
626594074 0 1680633821
626594074 0 1680633824
626594074 0 1680633826
626594074 0 1680633828
626594074 0 1680633830
626594074 0 1680633833
626594074 0 1680633835
626594074 0 1680633837
626594074 0 1680633839
626594074 0 1680633841
626594074 0 1680633844
626594074 0 1680633846
626594074 0 1680633848
626594074 0 1680633850
626594074 0 1680633852
626594074 0 1680633855
626594074 0 1680633857
626594074 0 1680633859
626594074 0 1680633861
626594074 0 1680633863
626594074 0 1680633866
626594074 0 1680633868
626594074 0 1680633870
626594074 0 1680633872
626594074 0 1680633875
 1680633877
626594074 0 1680633879
626594074 0 1680633881
626594074 0 1680633884
626594074 0 1680633886
626594074 0 1680633888
626594074 0 1680633890
626594074 0 1680633893
626594074 0 1680633895
626594074 0 1680633898
626594074 0 1680633900
626594074 0 1680633902
626594074 0 1680633904
626594074 0 1680633906
626594074 0 1680633909
626594074 0 1680633911
626594074 0 1680633913
626594074 0 1680633916
626594074 0 1680633918
626594074 0 1680633920
626594074 0 1680633922
626594074 0 1680633925
626594074 0 1680633927
626594074 0 1680633929
626594074 0 1680633931
626594074 0 1680633933
626594074 0 1680633936
626594074 0 1680633938
626594074 0 1680633941
626594074 0 1680633943
626594074 0 1680633945
626594074 0 1680633948
626594074 0 1680633950
626594074 0 1680633952
626594074 0 1680633955
626594074 0 1680633957
626594074 0 1680633959
626594074 0 1680633962
626594074 0 1680633964
626594074 0 1680633966
626594074 0 1680633969
626594074 0 1680633971
626594074 0 1680633973
626594074 0 1680633976
626594074 0 1680633978
626594074 0 1680633980
626594074 0 1680633983
626594074 0 1680633985
626594074 0 1680633987
626594074 0 1680633989
626594074 0 1680633992
626594074 0 1680633994
626594074 0 1680633996
626594074 0 1680633998
626594074 0 1680634001
626594074 0 1680634003
626594074 0 1680634005
626594074 0 1680634007
626594074 0 1680634010
626594074 0 1680634012
626594074 0 1680634014
626594074 0 1680634017
626594074 0 1680634019
626594074 0 1680634022
626594074 0 1680634024
626594074 0 1680634026
626594074 0 1680634028
626594074 0 1680634030
626594074 0 1680634033
626594074 0 1680634035
626594074 0 1680634037
626594074 0 1680634039
626594074 0 1680634042
 1680634043
626594074 0 1680634044
12776108 1 1680634045
626594074 0 1680634046
12776108 1 1680634047
626594074 0 1680634048
12776108 1 1680634049
626594074 0 1680634050
12776108 1 1680634051
626594074 0 1680634053
12776108 1 1680634053
626594074 0 1680634055
12776108 1 1680634056
626594074 0 1680634057
12776108 1 1680634058
626594074 0 1680634059
12776108 1 1680634060
626594074 0 1680634062
12776108 1 1680634062
626594074 0 1680634064
 1680634064
626594074 0 1680634066
12776108 1 1680634067
626594074 0 1680634068
12776108 1 1680634069
626594074 0 1680634070
12776108 1 1680634071
 1680634072
12776108 1 1680634073
626594074 0 1680634075
12776108 1 1680634075
626594074 0 1680634077
12776108 1 1680634078
626594074 0 1680634079
12776108 1 1680634080
 1680634081
12776108 1 1680634082
626594074 0 1680634084
12776108 1 1680634084
626594074 0 1680634086
12776108 0 1680634086
626594074 0 1680634088
12776108 0 1680634089
626594074 0 1680634090
626594074 0 1680634093
626594074 0 1680634095
626594074 0 1680634097
626594074 0 1680634100
626594074 0 1680634102
626594074 0 1680634104
626594074 0 1680634106
 1680634109
626594074 0 1680634111
626594074 0 1680634113
626594074 0 1680634115
626594074 0 1680634118
626594074 0 1680634120
626594074 0 1680634122
626594074 0 1680634125
626594074 0 1680634127
626594074 0 1680634129
626594074 0 1680634131
626594074 0 1680634133
626594074 0 1680634136
626594074 0 1680634138
626594074 0 1680634141
626594074 0 1680634143
626594074 0 1680634145
626594074 0 1680634147
626594074 0 1680634150
626594074 0 1680634152
626594074 0 1680634154
626594074 0 1680634156
626594074 0 1680634159
 1680634161
626594074 0 1680634163
626594074 0 1680634165
626594074 0 1680634168
626594074 0 1680634170
626594074 0 1680634172
626594074 0 1680634175
626594074 0 1680634177
626594074 0 1680634179
626594074 0 1680634181
626594074 0 1680634184
626594074 0 1680634186
 1680634188
626594074 0 1680634191
626594074 0 1680634193
626594074 0 1680634196
626594074 0 1680634198
626594074 0 1680634200
626594074 0 1680634202
626594074 0 1680634205
626594074 0 1680634207
626594074 0 1680634209
626594074 0 1680634211
626594074 0 1680634214
626594074 0 1680634216
626594074 0 1680634218
 1680634220
626594074 0 1680634222
626594074 0 1680634225
626594074 0 1680634227
626594074 0 1680634229
626594074 0 1680634231
626594074 0 1680634234
626594074 0 1680634236
626594074 0 1680634238
626594074 0 1680634240
626594074 0 1680634242
626594074 0 1680634245
626594074 0 1680634247
626594074 0 1680634249
626594074 0 1680634252
626594074 0 1680634254
626594074 0 1680634256
626594074 0 1680634258
626594074 0 1680634260
626594074 0 1680634263
626594074 0 1680634265
626594074 0 1680634268
626594074 0 1680634270
626594074 0 1680634272
626594074 0 1680634274
626594074 0 1680634277
626594074 0 1680634279
626594074 0 1680634281
626594074 0 1680634283
626594074 0 1680634285
626594074 0 1680634288
626594074 0 1680634290
626594074 0 1680634292
626594074 0 1680634294
626594074 0 1680634297
626594074 0 1680634299
626594074 0 1680634301
626594074 0 1680634303
626594074 0 1680634306
 1680634308
626594074 0 1680634310
626594074 0 1680634313
626594074 0 1680634315
626594074 0 1680634317
626594074 0 1680634320
626594074 0 1680634322
626594074 0 1680634324
626594074 0 1680634326
626594074 0 1680634329
626594074 0 1680634331
626594074 0 1680634333
626594074 0 1680634335
626594074 0 1680634337
626594074 0 1680634339
626594074 0 1680634342
626594074 0 1680634344
626594074 0 1680634346
626594074 0 1680634349
626594074 0 1680634351
626594074 0 1680634353
626594074 0 1680634355
626594074 0 1680634357
626594074 0 1680634359
626594074 0 1680634362
626594074 0 1680634364
626594074 0 1680634366
626594074 0 1680634369
626594074 0 1680634371
626594074 0 1680634373
626594074 0 1680634375
626594074 0 1680634377
626594074 0 1680634380
 1680634382
626594074 0 1680634385
626594074 0 1680634387
626594074 0 1680634389
626594074 0 1680634391
626594074 0 1680634393
626594074 0 1680634396
626594074 0 1680634398
626594074 0 1680634400
626594074 0 1680634402
626594074 0 1680634405
626594074 0 1680634407
626594074 0 1680634409
626594074 0 1680634411
626594074 0 1680634414
626594074 0 1680634416
626594074 0 1680634418
626594074 0 1680634421
626594074 0 1680634423
626594074 0 1680634425
626594074 0 1680634428
626594074 0 1680634430
626594074 0 1680634432
626594074 0 1680634434
626594074 0 1680634437
626594074 0 1680634439
626594074 0 1680634441
626594074 0 1680634443
626594074 0 1680634446
626594074 0 1680634448
626594074 0 1680634450
626594074 0 1680634452
626594074 0 1680634454
626594074 0 1680634457
626594074 0 1680634459
626594074 0 1680634461
626594074 0 1680634464
626594074 0 1680634466
626594074 0 1680634468
 1680634470
626594074 0 1680634473
626594074 0 1680634475
626594074 0 1680634477
626594074 0 1680634479
 1680634481
626594074 0 1680634484
626594074 0 1680634486
626594074 0 1680634488
626594074 0 1680634491
626594074 0 1680634493
626594074 0 1680634495
626594074 0 1680634498
626594074 0 1680634500
626594074 0 1680634502
626594074 0 1680634504
 1680634506
626594074 0 1680634509
626594074 0 1680634511
626594074 0 1680634513
626594074 0 1680634515
626594074 0 1680634518
626594074 0 1680634520
626594074 0 1680634522
626594074 0 1680634524
626594074 0 1680634527
626594074 0 1680634529
626594074 0 1680634531
626594074 0 1680634533
626594074 0 1680634536
626594074 0 1680634538
626594074 0 1680634540
626594074 0 1680634542
626594074 0 1680634544
626594074 0 1680634547
626594074 0 1680634549
626594074 0 1680634551
626594074 0 1680634554
626594074 0 1680634556
626594074 0 1680634558
626594074 0 1680634561
626594074 0 1680634563
626594074 0 1680634565
626594074 0 1680634567
626594074 0 1680634570
626594074 0 1680634572
 1680634574
626594074 0 1680634577
626594074 0 1680634579
626594074 0 1680634581
626594074 0 1680634583
626594074 0 1680634586
626594074 0 1680634588
626594074 0 1680634590
626594074 0 1680634592
626594074 0 1680634595
626594074 0 1680634597
626594074 0 1680634599
626594074 0 1680634602
626594074 0 1680634604
626594074 0 1680634606
626594074 0 1680634609
626594074 0 1680634611
626594074 0 1680634613
626594074 0 1680634616
626594074 0 1680634618
626594074 0 1680634620
626594074 0 1680634622
626594074 0 1680634624
626594074 0 1680634627
626594074 0 1680634629
626594074 0 1680634631
626594074 0 1680634634
626594074 0 1680634636
626594074 0 1680634638
626594074 0 1680634641
626594074 0 1680634643
626594074 0 1680634645
626594074 0 1680634648
626594074 0 1680634650
626594074 0 1680634652
 1680634654
626594074 0 1680634657
626594074 0 1680634659
626594074 0 1680634661
626594074 0 1680634664
626594074 0 1680634666
626594074 0 1680634668
626594074 0 1680634670
 1680634672
626594074 0 1680634675
626594074 0 1680634677
626594074 0 1680634679
626594074 0 1680634681
626594074 0 1680634684
626594074 0 1680634686
626594074 0 1680634688
626594074 0 1680634690
626594074 0 1680634693
626594074 0 1680634695
626594074 0 1680634697
626594074 0 1680634700
626594074 0 1680634702
626594074 0 1680634704
626594074 0 1680634706
626594074 0 1680634709
626594074 0 1680634711
626594074 0 1680634713
626594074 0 1680634715
626594074 0 1680634718
626594074 0 1680634720
626594074 0 1680634722
626594074 0 1680634724
626594074 0 1680634727
626594074 0 1680634729
626594074 0 1680634731
626594074 0 1680634733
626594074 0 1680634735
626594074 0 1680634738
626594074 0 1680634740
626594074 0 1680634742
626594074 0 1680634745
626594074 0 1680634747
78526218 1 1680634820
78526218 1 1680634822
78526218 1 1680634824
78526218 1 1680634826
 1680635576
870347297 1 1680635578
870347297 0 1680635580
504813545 1 1680636659
504813545 0 1680636662
504813545 1 1680636664
504813545 1 1680636666
43977719 0 1680639606
43977719 1 1680639608
 1680639610
43977719 0 1680639613
43977719 0 1680639615
43977719 0 1680639618
43977719 0 1680639620
43977719 0 1680639622
43977719 0 1680639624
43977719 0 1680639627
 1680639629
43977719 0 1680639631
43977719 0 1680639634
43977719 0 1680639636
43977719 0 1680639639
43977719 0 1680639641
98927289 1 1680639783
 1680639785
873806133 0 1680642052
 1680642055
873806133 0 1680642057
873806133 0 1680642059
 1680642062
873806133 0 1680642064
873806133 0 1680642067
 1680642069
873806133 0 1680642071
873806133 0 1680642074
 1680642076
873806133 0 1680642078
873806133 0 1680642080
873806133 0 1680642083
873806133 0 1680642085
873806133 0 1680642087
873806133 0 1680642090
873806133 0 1680642092
873806133 0 1680642094
873806133 0 1680642097
873806133 0 1680642099
873806133 0 1680642101
873806133 0 1680642104
873806133 0 1680642106
873806133 0 1680642108
873806133 0 1680642110
873806133 0 1680642113
873806133 0 1680642115
873806133 0 1680642117
873806133 0 1680642120
873806133 0 1680642122
873806133 0 1680642125
873806133 0 1680642127
873806133 0 1680642129
873806133 0 1680642132
873806133 0 1680642134
873806133 0 1680642136
873806133 0 1680642139
873806133 0 1680642141
873806133 0 1680642143
873806133 0 1680642145
873806133 0 1680642148
873806133 0 1680642150
873806133 0 1680642152
873806133 0 1680642155
873806133 0 1680642157
873806133 0 1680642159
873806133 0 1680642162
873806133 0 1680642164
873806133 0 1680642166
873806133 0 1680642169
873806133 0 1680642171
 1680642173
873806133 0 1680642175
873806133 0 1680642178
 1680642180
873806133 0 1680642182
873806133 0 1680642185
873806133 0 1680642187
873806133 0 1680642190
873806133 0 1680642192
 1680642194
873806133 0 1680642197
873806133 0 1680642199
873806133 0 1680642201
873806133 0 1680642203
873806133 0 1680642206
873806133 0 1680642208
873806133 0 1680642211
873806133 0 1680642213
873806133 0 1680642215
873806133 0 1680642218
873806133 0 1680642220
873806133 0 1680642222
873806133 0 1680642225
873806133 0 1680642227
873806133 0 1680642229
873806133 0 1680642231
873806133 0 1680642234
873806133 0 1680642236
873806133 0 1680642238
 1680642241
873806133 0 1680642243
873806133 0 1680642245
873806133 0 1680642247
873806133 0 1680642250
873806133 0 1680642252
873806133 0 1680642254
873806133 0 1680642256
873806133 0 1680642259
873806133 0 1680642262
873806133 0 1680642264
873806133 0 1680642266
873806133 0 1680642268
873806133 0 1680642271
873806133 0 1680642273
873806133 0 1680642275
873806133 0 1680642278
873806133 0 1680642280
873806133 0 1680642282
873806133 0 1680642285
873806133 0 1680642287
873806133 0 1680642290
873806133 0 1680642292
873806133 0 1680642294
873806133 0 1680642296
873806133 0 1680642298
873806133 0 1680642301
873806133 0 1680642303
873806133 0 1680642305
873806133 0 1680642308
873806133 0 1680642310
873806133 0 1680642313
873806133 0 1680642315
873806133 0 1680642317
873806133 0 1680642320
873806133 0 1680642322
 1680642324
873806133 0 1680642327
873806133 0 1680642329
873806133 0 1680642331
873806133 0 1680642334
873806133 0 1680642336
873806133 0 1680642351
873806133 0 1680642353
873806133 0 1680642356
873806133 0 1680642358
873806133 0 1680642361
873806133 0 1680642363
873806133 0 1680642365
873806133 0 1680642367
873806133 0 1680642370
873806133 0 1680642372
873806133 0 1680642375
873806133 0 1680642377
873806133 0 1680642379
873806133 0 1680642381
78526218 1 1680645140
78526218 1 1680645142
78526218 1 1680645144
104718877 1 1680645165
104718877 1 1680645167
 1680645169
104718877 1 1680645171
104718877 1 1680645174
104718877 1 1680645176
873806133 0 1680649543
 1680649546
873806133 0 1680649548
 1680649550
873806133 0 1680649553
873806133 0 1680649555
 1680649557
873806133 0 1680649560
873806133 0 1680649562
873806133 0 1680649565
873806133 0 1680649567
873806133 0 1680649569
873806133 0 1680649572
873806133 0 1680649574
873806133 0 1680649576
873806133 0 1680649578
 1680649581
873806133 0 1680651282
873806133 0 1680651284
 1680651286
873806133 0 1680651289
 1680651291
873806133 0 1680651294
873806133 0 1680651296
873806133 0 1680651298
873806133 0 1680651301
873806133 0 1680651303
 1680651305
873806133 0 1680651308
 1680651310
873806133 0 1680651313
873806133 0 1680651315
873806133 0 1680651318
873806133 0 1680651320
 1680651322
873806133 0 1680651325
 1680651327
873806133 0 1680651330
 1680651332
873806133 0 1680651334
873806133 0 1680651337
873806133 0 1680651339
 1680651341
873806133 0 1680651344
 1680651346
873806133 0 1680651349
873806133 0 1680651351
873806133 0 1680651353
873806133 0 1680651355
873806133 0 1680651358
 1680651360
873806133 0 1680651363
873806133 0 1680651365
 1680651368
873806133 0 1680651370
873806133 0 1680651372
 1680651375
873806133 0 1680651377
873806133 0 1680651380
 1680651382
873806133 0 1680651384
873806133 0 1680651386
873806133 0 1680651389
873806133 0 1680651391
873806133 0 1680651393
873806133 0 1680651396
873806133 0 1680651398
873806133 0 1680651400
873806133 0 1680651403
873806133 0 1680651441
873806133 0 1680651578
873806133 0 1680651581
122572717 1 1680658143
 1680658146
 1680658148
122572717 1 1680658150
122572717 1 1680658153
 1680658155
122572717 0 1680658157
15609548 0 1680663989
15609548 0 1680663992
15609548 0 1680663994
 1680663996
15609548 0 1680663999
 1680664001
15609548 0 1680664003
15609548 0 1680664005
 1680664008
15609548 0 1680664010
 1680664012
15609548 0 1680664014
15609548 0 1680664017
15609548 0 1680664019
 1680664021
15609548 0 1680664023
15609548 0 1680664025
15609548 0 1680664028
15609548 0 1680664030
 1680664032
15609548 0 1680664035
15609548 0 1680664037
15609548 0 1680664039
15609548 0 1680664042
15609548 0 1680664044
 1680664046
15609548 0 1680664049
 1680664051
15609548 0 1680664053
15609548 0 1680664055
15609548 0 1680664058
15609548 0 1680664060
15609548 0 1680664062
15609548 0 1680664065
 1680664067
15609548 0 1680664069
15609548 0 1680664071
 1680664074
15609548 0 1680664076
15609548 0 1680664078
15609548 0 1680664080
15609548 0 1680664083
15609548 0 1680664085
15609548 0 1680664087
15609548 0 1680664090
 1680664092
15609548 0 1680664094
15609548 0 1680664096
15609548 0 1680664099
15609548 0 1680664101
15609548 0 1680664103
15609548 0 1680664105
15609548 0 1680664107
15609548 0 1680664110
 1680664112
15609548 0 1680664114
 1680664116
15609548 0 1680664118
15609548 0 1680664121
 1680664123
15609548 0 1680664125
15609548 0 1680664127
15609548 0 1680664130
15609548 0 1680664132
15609548 0 1680664134
15609548 0 1680664136
 1680664139
15609548 0 1680664141
15609548 0 1680664143
15609548 0 1680664145
15609548 0 1680664147
15609548 0 1680664150
15609548 0 1680664152
 1680664154
15609548 0 1680664156
 1680664158
15609548 0 1680664161
15609548 0 1680664251
 1680664253
15609548 0 1680664255
15609548 0 1680664258
15609548 0 1680664260
 1680664262
15609548 0 1680664264
 1680664267
15609548 0 1680664269
 1680664271
15609548 0 1680664273
15609548 0 1680664276
 1680664278
15609548 0 1680664280
15609548 0 1680664282
15609548 0 1680664285
 1680664287
15609548 0 1680664289
 1680664291
15609548 0 1680664584
15609548 0 1680664587
15609548 0 1680664589
 1680664591
15609548 0 1680664593
 1680664596
15609548 0 1680664598
15609548 0 1680664600
 1680664602
15609548 0 1680664604
15609548 0 1680664607
15609548 0 1680664609
15609548 0 1680664611
15609548 0 1680664613
15609548 0 1680664615
15609548 0 1680665103
15609548 0 1680665105
15609548 0 1680665108
15609548 0 1680665110
15609548 0 1680665112
15609548 0 1680665114
 1680665117
15609548 0 1680665119
15609548 0 1680665121
15609548 0 1680665124
15609548 0 1680665126
15609548 0 1680665128
15609548 0 1680665130
15609548 0 1680665133
15609548 0 1680665135
15609548 0 1680665137
15609548 0 1680665140
15609548 0 1680665142
15609548 0 1680665144
15609548 0 1680665147
 1680665149
15609548 0 1680665151
15609548 0 1680665153
15609548 0 1680665156
15609548 0 1680665158
15609548 0 1680665160
 1680665162
15609548 0 1680665164
15609548 0 1680665167
 1680665169
15609548 0 1680665172
15609548 0 1680665174
15609548 0 1680665176
15609548 0 1680665179
15609548 0 1680665181
 1680665183
15609548 0 1680665185
15609548 0 1680665188
15609548 0 1680665190
15609548 0 1680665192
15609548 0 1680665195
15609548 0 1680665197
 1680665199
15609548 0 1680665201
 1680665204
15609548 0 1680665206
15609548 0 1680665208
15609548 0 1680665211
15609548 0 1680665222
15609548 0 1680665224
 1680665226
15609548 0 1680665229
15609548 0 1680665231
15609548 0 1680665233
15609548 0 1680665236
15609548 0 1680665238
15609548 0 1680665240
15609548 0 1680665242
15609548 0 1680665245
15609548 0 1680665247
15609548 0 1680665249
15609548 0 1680665252
15609548 0 1680665254
15609548 0 1680665256
15609548 0 1680665258
15609548 0 1680665261
15609548 0 1680665263
15609548 0 1680665265
15609548 0 1680665267
15609548 0 1680665270
331406338 1 1680665271
15609548 0 1680665272
 1680665273
15609548 0 1680665274
 1680665275
15609548 0 1680665276
331406338 1 1680665277
15609548 0 1680665278
 1680665280
 1680665281
15609548 0 1680665283
15609548 0 1680665285
 1680665288
15609548 0 1680665290
15609548 0 1680665292
15609548 0 1680665294
15609548 0 1680665297
15609548 0 1680665299
15609548 0 1680665301
15609548 0 1680665304
 1680665306
15609548 0 1680665308
15609548 0 1680666599
 1680666601
15609548 0 1680666603
15609548 0 1680666605
15609548 0 1680666608
15609548 0 1680666610
15609548 0 1680666612
15609548 0 1680666614
15609548 0 1680666617
15609548 0 1680666619
15609548 0 1680666621
 1680666623
15609548 0 1680666626
15609548 0 1680666628
15609548 0 1680666630
15609548 0 1680666632
15609548 0 1680666635
15609548 0 1680666637
15609548 0 1680666639
15609548 0 1680666642
15609548 0 1680666644
15609548 0 1680666646
15609548 0 1680666648
15609548 0 1680666651
15609548 0 1680666653
15609548 0 1680666655
15609548 0 1680666658
15609548 0 1680666660
 1680666662
15609548 0 1680666664
15609548 0 1680666667
15609548 0 1680666669
 1680666671
15609548 0 1680666674
15609548 0 1680666676
15609548 0 1680666678
15609548 0 1680666681
15609548 0 1680666683
15609548 0 1680666685
15609548 0 1680666687
15609548 0 1680666690
15609548 0 1680666692
15609548 0 1680666694
15609548 0 1680666696
15609548 0 1680666699
15609548 0 1680666701
15609548 0 1680666703
 1680666705
15609548 0 1680666708
15609548 0 1680666710
15609548 0 1680666712
15609548 0 1680666714
 1680666717
15609548 0 1680666719
15609548 0 1680666721
15609548 0 1680666723
 1680666726
15609548 0 1680666728
15609548 0 1680666730
15609548 0 1680666732
15609548 0 1680666735
 1680666737
15609548 0 1680666739
15609548 0 1680666741
 1680666744
15609548 0 1680666746
15609548 0 1680666748
15609548 0 1680666750
15609548 0 1680666753
15609548 0 1680666755
15609548 0 1680666757
15609548 0 1680666759
15609548 0 1680666762
15609548 0 1680666764
 1680666766
15609548 0 1680666769
15609548 0 1680666771
15609548 0 1680666773
 1680666775
15609548 0 1680666778
15609548 0 1680666780
 1680666782
15609548 0 1680666784
15609548 0 1680666787
15609548 0 1680666789
15609548 0 1680666791
15609548 0 1680666793
 1680666796
15609548 0 1680666798
15609548 0 1680666800
15609548 0 1680666802
15609548 0 1680666805
15609548 0 1680666807
15609548 0 1680666809
15609548 0 1680666811
15609548 0 1680666814
15609548 0 1680666816
15609548 0 1680666818
15609548 0 1680666821
 1680666823
15609548 0 1680666825
15609548 0 1680666827
15609548 0 1680666830
15609548 0 1680666832
 1680666834
15609548 0 1680666836
15609548 0 1680666839
 1680666841
15609548 0 1680666843
15609548 0 1680666846
15609548 0 1680666848
15609548 0 1680666850
15609548 0 1680666952
15609548 0 1680666954
15609548 0 1680666956
15609548 0 1680666958
15609548 0 1680666961
 1680666963
 1680666965
15609548 0 1680666968
15609548 0 1680666970
15609548 0 1680666972
 1680666974
15609548 0 1680666977
15609548 0 1680666979
15609548 0 1680666981
 1680666983
15609548 0 1680667028
15609548 0 1680667030
15609548 0 1680667033
15609548 0 1680667035
15609548 0 1680667037
15609548 0 1680667039
15609548 0 1680667042
15609548 0 1680667044
 1680667046
15609548 0 1680667049
15609548 0 1680667051
15609548 0 1680667053
15609548 0 1680667056
 1680667058
15609548 0 1680667060
15609548 0 1680667062
 1680667065
15609548 0 1680667067
 1680667069
15609548 0 1680667071
 1680667073
15609548 0 1680667076
 1680667078
15609548 0 1680667080
15609548 0 1680667082
15609548 0 1680667085
15609548 0 1680667087
15609548 0 1680667089
15609548 0 1680667091
15609548 0 1680667094
15609548 0 1680667096
15609548 0 1680667098
15609548 0 1680667101
 1680667103
15609548 0 1680667106
15609548 0 1680667108
 1680667110
15609548 0 1680667113
15609548 0 1680667115
15609548 0 1680667117
15609548 0 1680667120
15609548 0 1680667122
15609548 0 1680667124
15609548 0 1680667126
15609548 0 1680667129
15609548 0 1680667131
15609548 0 1680667133
15609548 0 1680667135
15609548 0 1680667138
15609548 0 1680667140
15609548 0 1680667142
15609548 0 1680667145
15609548 0 1680667147
15609548 0 1680667149
15609548 0 1680667151
15609548 0 1680667154
 1680667156
15609548 0 1680667158
15609548 0 1680667160
15609548 0 1680667163
15609548 0 1680667165
15609548 0 1680667167
15609548 0 1680667170
15609548 0 1680667172
15609548 0 1680667174
15609548 0 1680667176
15609548 0 1680667179
15609548 0 1680667181
15609548 0 1680667183
15609548 0 1680667185
15609548 0 1680667188
43977719 0 1680695524
 1680695526
43977719 0 1680695528
43977719 0 1680695531
 1680695533
43977719 0 1680695535
43977719 0 1680695538
43977719 0 1680695540
43977719 0 1680695542
 1680695545
43977719 0 1680695547
 1680695550
43977719 0 1680695552
43977719 0 1680695554
43977719 0 1680695557
43977719 0 1680695559
78526218 1 1680697878
78526218 1 1680697880
78526218 1 1680697882
78526218 0 1680697884
78526218 0 1680697886
78526218 0 1680697889
78526218 0 1680697891
78526218 0 1680697893
78526218 1 1680697895
78526218 1 1680697898
43977719 1 1680700789
 1680700791
43977719 0 1680700793
 1680700795
43977719 0 1680700798
43977719 0 1680700800
43977719 0 1680700802
43977719 0 1680700805
 1680700807
43977719 0 1680700809
43977719 0 1680700811
43977719 0 1680700814
43977719 0 1680700816
43977719 0 1680700818
43977719 0 1680700821
43977719 0 1680700823
 1680700826
43977719 0 1680700828
43977719 0 1680700830
43977719 0 1680700833
43977719 0 1680700835
43977719 0 1680700837
43977719 0 1680700840
 1680700842
 1680700844
43977719 0 1680700846
43977719 0 1680700849
43977719 0 1680700851
43977719 0 1680700853
 1680700856
43977719 0 1680700858
 1680700860
43977719 0 1680700863
43977719 0 1680700865
43977719 0 1680700868
43977719 0 1680700870
 1680700872
43977719 0 1680700875
43977719 0 1680700877
43977719 0 1680700879
 1680700882
43977719 0 1680700884
43977719 0 1680700886
43977719 0 1680700888
43977719 0 1680700891
43977719 0 1680700893
43977719 0 1680700895
43977719 0 1680700898
43977719 0 1680700900
43977719 0 1680700902
43977719 0 1680700905
43977719 0 1680700907
 1680700910
43977719 0 1680700912
43977719 0 1680700914
43977719 0 1680700917
43977719 0 1680700919
43977719 0 1680700921
43977719 0 1680700924
43977719 0 1680700926
43977719 0 1680700928
43977719 0 1680700930
 1680700933
43977719 0 1680700935
43977719 0 1680700937
43977719 0 1680700939
43977719 0 1680700942
43977719 0 1680700945
43977719 0 1680700947
43977719 0 1680700949
43977719 0 1680700951
 1680700954
43977719 0 1680701004
 1680701006
43977719 0 1680701009
43977719 0 1680701012
43977719 0 1680701014
43977719 0 1680701017
43977719 0 1680701019
43977719 0 1680701021
43977719 0 1680701024
43977719 0 1680701026
43977719 0 1680701029
43977719 0 1680701031
43977719 0 1680701033
 1680701036
43977719 0 1680701038
43977719 0 1680701040
 1680701043
43977719 0 1680701045
43977719 0 1680701047
43977719 0 1680701050
43977719 0 1680701052
43977719 0 1680701054
43977719 0 1680701056
43977719 0 1680701059
43977719 0 1680701061
43977719 0 1680701064
43977719 0 1680701066
43977719 0 1680701069
43977719 0 1680701071
 1680701073
43977719 0 1680701076
43977719 0 1680701078
43977719 0 1680701080
43977719 0 1680701083
43977719 0 1680701085
43977719 0 1680701087
 1680701089
43977719 0 1680701092
43977719 0 1680701094
43977719 0 1680701097
43977719 0 1680701099
43977719 0 1680701102
 1680701104
43977719 0 1680701106
43977719 0 1680701109
 1680701111
43977719 0 1680701113
 1680701115
43977719 0 1680701118
43977719 0 1680701120
43977719 0 1680701122
43977719 0 1680701124
43977719 0 1680701168
43977719 0 1680701170
43977719 0 1680701173
43977719 0 1680701175
43977719 0 1680701177
43977719 0 1680701180
43977719 0 1680701182
 1680701184
43977719 0 1680701187
43977719 0 1680701189
 1680701951
 1680701953
299884513 1 1680701956
299884513 1 1680701958
299884513 1 1680701960
299884513 1 1680701963
299884513 1 1680701965
299884513 1 1680701967
299884513 1 1680701970
299884513 1 1680701972
299884513 1 1680701974
299884513 1 1680701977
299884513 1 1680701979
 1680702015
 1680702017
389391640 0 1680702020
389391640 0 1680702022
389391640 0 1680702024
 1680702027
389391640 0 1680702029
389391640 0 1680702746
389391640 0 1680702749
389391640 0 1680702751
380768708 0 1680703891
380768708 0 1680703896
380768708 0 1680703902
380768708 0 1680703908
 1680703913
380768708 0 1680703919
380768708 0 1680703923
380768708 0 1680703929
380768708 0 1680703935
 1680703937
380768708 0 1680703940
380768708 0 1680703943
380768708 0 1680703945
 1680703948
380768708 0 1680703953
380768708 0 1680703955
380768708 0 1680703958
380768708 0 1680703960
380768708 0 1680703964
380768708 0 1680703969
 1680703971
389391640 0 1680706697
 1680706699
389391640 0 1680706702
389391640 0 1680706704
389391640 0 1680706706
389391640 0 1680706709
 1680706711
389391640 0 1680706714
 1680707431
552757596 0 1680709715
552757596 0 1680709717
552757596 0 1680709720
870347297 1 1680724371
870347297 0 1680724373
 1680735501
15609548 0 1680735503
 1680735506
15609548 0 1680735508
15609548 0 1680735510
12776108 0 1680789006
12776108 0 1680789009
12776108 0 1680789011
12776108 0 1680789013
 1680789016
12776108 0 1680789018
12776108 0 1680789020
12776108 0 1680789023
12776108 0 1680789025
12776108 0 1680789027
12776108 0 1680789029
 1680789031
12776108 0 1680789034
12776108 0 1680789036
12776108 0 1680789039
12776108 0 1680789041
12776108 0 1680789043
12776108 0 1680789046
12776108 0 1680789048
12776108 0 1680789050
12776108 0 1680789052
